application_id,customer_id,application_date,card_tier_applied,decision,decision_date,annual_income,credit_score,channel
APP000001,CUST00004,2020-11-01,Standard,Pending,2020-11-13,150000,794,Online
APP000002,CUST00002,2022-09-12,Standard,Approved,2022-09-17,110000,797,In-Store
APP000003,CUST00824,2021-07-10,Gold,Approved,2021-07-21,150000,762,In-Store
APP000004,CUST00484,2023-07-03,Standard,Approved,2023-07-04,150000,752,In-Store
APP000005,CUST00778,2021-05-08,Gold,Declined,2021-05-15,90000,588,Online
APP000006,CUST00106,2023-03-03,Standard,Declined,2023-03-17,30000,684,In-Store
APP000007,CUST00548,2024-02-21,Platinum,Approved,2024-03-01,75000,649,In-Store
APP000008,CUST00220,2021-03-23,Standard,Approved,2021-03-24,90000,789,In-Store
APP000009,CUST00288,2023-08-09,Gold,Approved,2023-08-13,30000,754,Mobile App
APP000010,CUST00627,2020-08-31,Standard,Approved,2020-09-10,90000,703,In-Store
APP000011,CUST00706,2021-07-21,Platinum,Declined,2021-08-02,110000,583,Mobile App
APP000012,CUST00502,2024-07-31,Platinum,Pending,2024-08-06,30000,625,In-Store
APP000013,CUST00235,2023-03-24,Gold,Approved,2023-03-30,60000,811,Online
APP000014,CUST00169,2020-02-25,World Elite,Declined,2020-03-06,30000,720,In-Store
APP000015,CUST00843,2020-11-17,Standard,Approved,2020-11-20,45000,687,In-Store
APP000016,CUST00303,2022-08-01,Gold,Approved,2022-08-11,45000,596,In-Store
APP000017,CUST00935,2024-01-22,Gold,Approved,2024-02-04,60000,801,In-Store
APP000018,CUST00065,2024-09-03,Gold,Declined,2024-09-04,45000,771,In-Store
APP000019,CUST00180,2023-11-02,Gold,Declined,2023-11-04,150000,660,In-Store
APP000020,CUST00158,2022-04-30,Standard,Approved,2022-05-14,45000,716,Online
APP000021,CUST00731,2023-02-10,Gold,Declined,2023-02-20,90000,748,Mobile App
APP000022,CUST00162,2024-08-24,Gold,Pending,2024-09-03,45000,809,In-Store
APP000023,CUST00626,2024-09-09,Standard,Approved,2024-09-14,90000,689,Mobile App
APP000024,CUST00818,2024-04-29,Standard,Declined,2024-05-04,75000,818,Mobile App
APP000025,CUST00896,2023-04-05,Platinum,Approved,2023-04-06,45000,637,Online
APP000026,CUST00405,2023-08-23,Platinum,Declined,2023-08-26,30000,845,In-Store
APP000027,CUST00897,2021-04-19,Standard,Approved,2021-04-20,90000,617,In-Store
APP000028,CUST00566,2020-06-20,Gold,Approved,2020-06-25,60000,750,In-Store
APP000029,CUST00848,2020-12-31,Gold,Approved,2021-01-14,45000,651,Online
APP000030,CUST00226,2023-12-02,Gold,Declined,2023-12-12,75000,616,In-Store
APP000031,CUST00650,2023-01-24,Platinum,Approved,2023-02-01,45000,721,Mobile App
APP000032,CUST00346,2020-03-02,Standard,Approved,2020-03-03,150000,592,Mobile App
APP000033,CUST00741,2020-03-03,Standard,Approved,2020-03-15,150000,621,In-Store
APP000034,CUST00195,2022-09-11,Standard,Pending,2022-09-24,90000,770,In-Store
APP000035,CUST00646,2024-03-12,Standard,Pending,2024-03-15,60000,740,In-Store
APP000036,CUST00118,2024-06-15,Gold,Declined,2024-06-28,60000,713,In-Store
APP000037,CUST00559,2024-07-22,Platinum,Approved,2024-07-31,75000,727,In-Store
APP000038,CUST00933,2024-04-21,Standard,Approved,2024-05-04,60000,836,Online
APP000039,CUST00044,2021-10-05,Standard,Approved,2021-10-12,75000,593,In-Store
APP000040,CUST00051,2020-01-06,Platinum,Declined,2020-01-13,60000,754,In-Store
APP000041,CUST00742,2022-11-22,Standard,Approved,2022-11-29,90000,642,In-Store
APP000042,CUST00153,2024-06-21,Standard,Approved,2024-06-27,60000,605,In-Store
APP000043,CUST00842,2020-12-14,Gold,Approved,2020-12-15,90000,600,Online
APP000044,CUST00055,2022-04-12,Gold,Approved,2022-04-26,90000,815,Online
APP000045,CUST00806,2020-02-04,Platinum,Declined,2020-02-18,90000,674,In-Store
APP000046,CUST00063,2021-07-02,World Elite,Approved,2021-07-16,75000,709,Online
APP000047,CUST00128,2023-02-12,Platinum,Pending,2023-02-17,110000,712,Mobile App
APP000048,CUST00660,2020-12-29,Gold,Declined,2021-01-02,90000,679,In-Store
APP000049,CUST00783,2021-01-19,Standard,Declined,2021-01-24,45000,659,Online
APP000050,CUST00145,2023-11-27,Platinum,Declined,2023-12-09,45000,847,Online
APP000051,CUST00686,2023-09-27,Gold,Approved,2023-09-30,30000,704,Mobile App
APP000052,CUST00775,2024-01-08,Platinum,Approved,2024-01-22,90000,800,In-Store
APP000053,CUST00318,2024-05-12,Gold,Approved,2024-05-13,150000,779,In-Store
APP000054,CUST00647,2022-03-09,World Elite,Approved,2022-03-15,150000,728,Mobile App
APP000055,CUST00044,2021-01-17,Standard,Declined,2021-01-28,60000,754,In-Store
APP000056,CUST00192,2021-08-24,Platinum,Approved,2021-09-05,30000,623,In-Store
APP000057,CUST00316,2022-04-22,Platinum,Declined,2022-05-01,90000,838,Mobile App
APP000058,CUST00024,2024-04-30,Standard,Approved,2024-05-04,90000,836,In-Store
APP000059,CUST00851,2021-07-18,World Elite,Approved,2021-07-26,90000,611,Online
APP000060,CUST00349,2020-03-17,Gold,Approved,2020-03-31,60000,702,In-Store
APP000061,CUST00222,2021-03-03,Platinum,Pending,2021-03-07,150000,849,In-Store
APP000062,CUST00323,2023-12-22,Platinum,Approved,2024-01-04,45000,632,In-Store
APP000063,CUST00729,2023-05-13,Gold,Approved,2023-05-26,30000,604,Online
APP000064,CUST00204,2021-05-08,Gold,Approved,2021-05-12,75000,690,In-Store
APP000065,CUST00660,2021-10-23,Standard,Pending,2021-10-30,150000,597,Online
APP000066,CUST00980,2020-06-20,Gold,Pending,2020-06-29,75000,747,Mobile App
APP000067,CUST00098,2022-08-03,Platinum,Pending,2022-08-16,90000,848,Mobile App
APP000068,CUST00011,2021-01-13,Standard,Approved,2021-01-26,30000,634,In-Store
APP000069,CUST00425,2020-08-17,Platinum,Declined,2020-08-26,30000,705,Online
APP000070,CUST00342,2022-08-25,Gold,Approved,2022-09-06,60000,641,Mobile App
APP000071,CUST00930,2022-04-30,Platinum,Declined,2022-05-11,45000,780,In-Store
APP000072,CUST00812,2021-12-09,Standard,Approved,2021-12-14,90000,616,Online
APP000073,CUST00892,2022-12-13,Gold,Declined,2022-12-15,90000,729,In-Store
APP000074,CUST00407,2022-12-21,Platinum,Declined,2022-12-31,45000,788,In-Store
APP000075,CUST00835,2024-01-20,Standard,Approved,2024-01-30,90000,655,In-Store
APP000076,CUST00463,2021-07-17,Gold,Approved,2021-07-19,60000,598,Online
APP000077,CUST00878,2024-02-05,Gold,Approved,2024-02-12,110000,601,Online
APP000078,CUST00646,2020-02-13,Standard,Approved,2020-02-21,75000,799,In-Store
APP000079,CUST00810,2024-03-03,Platinum,Approved,2024-03-05,110000,645,In-Store
APP000080,CUST00867,2020-02-06,World Elite,Declined,2020-02-20,30000,846,Mobile App
APP000081,CUST00370,2022-03-10,Gold,Approved,2022-03-24,150000,593,In-Store
APP000082,CUST00702,2022-07-22,World Elite,Approved,2022-07-26,30000,669,Online
APP000083,CUST00261,2021-11-28,Platinum,Approved,2021-12-07,90000,673,In-Store
APP000084,CUST00112,2022-09-21,Gold,Declined,2022-10-04,90000,653,Online
APP000085,CUST00538,2024-08-29,Platinum,Approved,2024-08-30,30000,703,In-Store
APP000086,CUST00568,2020-01-11,World Elite,Declined,2020-01-24,45000,755,In-Store
APP000087,CUST00489,2024-11-02,Gold,Approved,2024-11-11,45000,788,In-Store
APP000088,CUST00240,2023-08-14,Platinum,Approved,2023-08-15,30000,769,In-Store
APP000089,CUST00711,2020-02-06,Standard,Declined,2020-02-12,90000,613,Online
APP000090,CUST00293,2023-03-21,Standard,Approved,2023-03-29,60000,664,In-Store
APP000091,CUST00613,2023-12-17,World Elite,Declined,2023-12-24,150000,772,Mobile App
APP000092,CUST00673,2021-08-30,Gold,Declined,2021-09-12,90000,813,In-Store
APP000093,CUST00535,2021-08-28,Platinum,Approved,2021-09-07,75000,707,In-Store
APP000094,CUST00579,2020-07-29,Platinum,Approved,2020-08-03,90000,679,Mobile App
APP000095,CUST00912,2021-01-24,Platinum,Approved,2021-02-06,150000,694,In-Store
APP000096,CUST00145,2024-05-08,Gold,Pending,2024-05-17,30000,788,Online
APP000097,CUST00024,2023-02-16,Gold,Declined,2023-02-18,75000,793,Mobile App
APP000098,CUST00032,2023-08-07,Platinum,Approved,2023-08-12,90000,696,In-Store
APP000099,CUST00226,2021-10-29,Gold,Declined,2021-11-04,110000,704,Mobile App
APP000100,CUST00533,2020-10-10,Gold,Approved,2020-10-11,150000,725,Online
APP000101,CUST00919,2021-12-06,Platinum,Pending,2021-12-08,45000,802,In-Store
APP000102,CUST00563,2024-07-05,Standard,Declined,2024-07-15,150000,763,In-Store
APP000103,CUST00151,2022-06-08,Standard,Approved,2022-06-17,75000,773,In-Store
APP000104,CUST00646,2020-05-29,Standard,Declined,2020-06-07,75000,798,In-Store
APP000105,CUST00851,2023-11-05,Platinum,Declined,2023-11-18,90000,740,Online
APP000106,CUST00946,2024-03-16,Platinum,Approved,2024-03-29,60000,784,In-Store
APP000107,CUST00247,2023-04-18,Standard,Declined,2023-04-27,60000,600,Mobile App
APP000108,CUST00853,2020-12-02,Standard,Declined,2020-12-03,110000,843,In-Store
APP000109,CUST00401,2022-03-08,Standard,Approved,2022-03-22,150000,778,In-Store
APP000110,CUST00077,2020-06-15,Platinum,Approved,2020-06-21,150000,593,In-Store
APP000111,CUST00068,2022-02-07,Gold,Approved,2022-02-12,30000,730,Online
APP000112,CUST00075,2024-10-22,Standard,Declined,2024-10-29,150000,670,Mobile App
APP000113,CUST00535,2021-02-05,World Elite,Pending,2021-02-16,75000,653,In-Store
APP000114,CUST00378,2021-03-27,Standard,Declined,2021-04-04,75000,806,Online
APP000115,CUST00401,2020-11-28,World Elite,Approved,2020-12-01,110000,786,Online
APP000116,CUST00422,2023-10-07,Standard,Approved,2023-10-08,90000,627,Online
APP000117,CUST00504,2024-01-24,Gold,Declined,2024-01-31,30000,662,Online
APP000118,CUST00955,2023-05-17,Platinum,Approved,2023-05-18,75000,848,Online
APP000119,CUST00270,2020-05-17,Standard,Pending,2020-05-25,45000,625,Mobile App
APP000120,CUST00978,2021-10-05,World Elite,Approved,2021-10-09,60000,785,In-Store
APP000121,CUST00558,2020-06-11,Standard,Approved,2020-06-14,110000,632,In-Store
APP000122,CUST00168,2020-01-01,Standard,Approved,2020-01-08,45000,842,Mobile App
APP000123,CUST00326,2020-09-28,Gold,Declined,2020-10-04,75000,642,In-Store
APP000124,CUST00459,2020-06-01,Gold,Pending,2020-06-06,60000,605,Online
APP000125,CUST00173,2024-11-05,Standard,Approved,2024-11-19,75000,730,In-Store
APP000126,CUST00997,2024-08-01,Standard,Approved,2024-08-02,45000,811,In-Store
APP000127,CUST00257,2024-08-30,Gold,Approved,2024-09-01,45000,817,Online
APP000128,CUST00512,2023-09-28,World Elite,Approved,2023-09-30,30000,662,Online
APP000129,CUST00900,2022-10-03,Gold,Declined,2022-10-17,45000,632,Online
APP000130,CUST00268,2022-11-29,Gold,Pending,2022-12-09,90000,754,Online
APP000131,CUST00504,2024-05-25,Gold,Declined,2024-05-29,150000,798,Mobile App
APP000132,CUST00238,2024-11-26,Standard,Declined,2024-11-28,150000,843,In-Store
APP000133,CUST00698,2021-10-14,Standard,Declined,2021-10-24,150000,810,Mobile App
APP000134,CUST00024,2022-10-06,Gold,Declined,2022-10-18,110000,799,In-Store
APP000135,CUST00950,2020-08-31,Platinum,Declined,2020-09-07,150000,834,In-Store
APP000136,CUST00415,2022-11-27,Standard,Declined,2022-12-10,30000,766,Online
APP000137,CUST00386,2023-01-12,Platinum,Approved,2023-01-15,45000,694,Online
APP000138,CUST00336,2023-10-12,World Elite,Approved,2023-10-23,150000,767,In-Store
APP000139,CUST00344,2023-01-09,World Elite,Pending,2023-01-20,60000,787,Online
APP000140,CUST00751,2020-05-29,Platinum,Declined,2020-06-01,30000,651,In-Store
APP000141,CUST00408,2022-07-24,World Elite,Declined,2022-08-02,90000,717,In-Store
APP000142,CUST00639,2023-06-01,Platinum,Approved,2023-06-15,30000,661,In-Store
APP000143,CUST00941,2020-03-18,Platinum,Pending,2020-03-28,110000,697,Online
APP000144,CUST00556,2022-06-06,Gold,Pending,2022-06-18,60000,839,Mobile App
APP000145,CUST00664,2020-09-23,Gold,Approved,2020-10-07,110000,842,Online
APP000146,CUST00068,2023-08-18,Standard,Approved,2023-08-29,90000,839,In-Store
APP000147,CUST00830,2024-03-18,Platinum,Pending,2024-03-26,30000,762,Mobile App
APP000148,CUST00241,2023-01-19,Gold,Declined,2023-01-23,90000,675,In-Store
APP000149,CUST00631,2022-07-14,Platinum,Approved,2022-07-24,30000,816,In-Store
APP000150,CUST00545,2022-10-05,Standard,Approved,2022-10-15,90000,803,In-Store
APP000151,CUST00736,2024-09-27,Platinum,Approved,2024-10-03,90000,680,In-Store
APP000152,CUST00768,2020-03-19,Gold,Declined,2020-03-30,90000,580,In-Store
APP000153,CUST00191,2023-10-29,Standard,Declined,2023-10-30,110000,717,Mobile App
APP000154,CUST00680,2024-11-12,World Elite,Approved,2024-11-19,110000,749,Online
APP000155,CUST00583,2020-03-19,Standard,Approved,2020-03-24,90000,670,Online
APP000156,CUST00351,2024-10-11,Standard,Approved,2024-10-20,75000,815,Online
APP000157,CUST00201,2020-10-14,Platinum,Approved,2020-10-19,45000,706,Online
APP000158,CUST00137,2023-10-31,Gold,Declined,2023-11-05,150000,780,Online
APP000159,CUST00228,2024-11-09,Gold,Declined,2024-11-19,30000,754,In-Store
APP000160,CUST00267,2020-06-12,World Elite,Declined,2020-06-15,90000,752,Online
APP000161,CUST00955,2022-09-16,World Elite,Approved,2022-09-23,45000,667,In-Store
APP000162,CUST00604,2021-03-29,Standard,Declined,2021-04-07,90000,769,In-Store
APP000163,CUST00882,2022-10-30,Platinum,Approved,2022-11-05,60000,593,Mobile App
APP000164,CUST00502,2022-11-28,Gold,Approved,2022-12-12,90000,746,In-Store
APP000165,CUST00329,2024-03-28,Platinum,Approved,2024-04-11,60000,694,In-Store
APP000166,CUST00314,2023-07-10,Platinum,Declined,2023-07-19,150000,618,Mobile App
APP000167,CUST00116,2022-09-12,Standard,Approved,2022-09-16,90000,750,Online
APP000168,CUST00276,2024-06-12,Platinum,Approved,2024-06-16,75000,737,In-Store
APP000169,CUST00301,2022-07-18,Platinum,Approved,2022-07-22,30000,690,Online
APP000170,CUST00375,2023-06-22,Platinum,Pending,2023-06-30,110000,848,In-Store
APP000171,CUST00818,2022-05-22,Standard,Declined,2022-05-23,90000,716,Mobile App
APP000172,CUST00154,2023-11-28,Platinum,Declined,2023-12-03,150000,624,In-Store
APP000173,CUST00363,2020-12-29,Gold,Declined,2020-12-31,110000,848,In-Store
APP000174,CUST00062,2023-05-24,Standard,Approved,2023-06-01,30000,719,In-Store
APP000175,CUST00241,2024-09-25,Gold,Declined,2024-10-08,60000,785,In-Store
APP000176,CUST00141,2021-11-08,World Elite,Declined,2021-11-21,75000,793,In-Store
APP000177,CUST00333,2024-11-04,Gold,Declined,2024-11-17,150000,810,In-Store
APP000178,CUST00287,2021-09-03,Standard,Pending,2021-09-15,60000,841,In-Store
APP000179,CUST00759,2023-10-02,Gold,Approved,2023-10-14,90000,796,Mobile App
APP000180,CUST00816,2024-11-10,Platinum,Approved,2024-11-20,60000,671,In-Store
APP000181,CUST00312,2023-06-12,World Elite,Pending,2023-06-25,110000,799,Mobile App
APP000182,CUST00027,2020-10-05,Standard,Pending,2020-10-06,30000,659,Online
APP000183,CUST00382,2023-08-02,Gold,Approved,2023-08-06,30000,701,In-Store
APP000184,CUST00899,2024-08-18,Platinum,Pending,2024-08-31,60000,742,In-Store
APP000185,CUST00006,2021-10-25,Standard,Approved,2021-10-29,110000,797,Online
APP000186,CUST00187,2023-10-28,Standard,Approved,2023-11-11,90000,848,Online
APP000187,CUST00396,2023-04-16,Platinum,Declined,2023-04-19,75000,693,In-Store
APP000188,CUST00921,2023-07-29,Platinum,Declined,2023-08-03,110000,791,In-Store
APP000189,CUST00007,2020-09-22,Gold,Approved,2020-10-04,110000,665,Mobile App
APP000190,CUST00295,2021-03-04,Standard,Pending,2021-03-08,150000,668,Online
APP000191,CUST00828,2024-07-29,Standard,Approved,2024-08-12,30000,644,In-Store
APP000192,CUST00147,2024-09-18,Gold,Declined,2024-09-28,30000,610,In-Store
APP000193,CUST00009,2020-07-03,Gold,Approved,2020-07-11,45000,684,Online
APP000194,CUST00475,2021-12-07,Standard,Approved,2021-12-15,75000,845,Online
APP000195,CUST00682,2022-07-22,Standard,Approved,2022-07-28,75000,817,In-Store
APP000196,CUST00765,2022-01-13,Standard,Declined,2022-01-16,75000,659,Mobile App
APP000197,CUST00965,2020-03-07,Gold,Approved,2020-03-16,150000,812,In-Store
APP000198,CUST00674,2023-02-08,Standard,Approved,2023-02-09,90000,673,Online
APP000199,CUST00984,2020-09-04,Standard,Declined,2020-09-12,110000,690,In-Store
APP000200,CUST00807,2024-01-08,World Elite,Declined,2024-01-19,90000,675,Mobile App
APP000201,CUST00949,2020-02-29,Standard,Approved,2020-03-10,90000,689,Online
APP000202,CUST00903,2020-12-16,Platinum,Pending,2020-12-29,60000,618,Online
APP000203,CUST00242,2023-02-06,Standard,Approved,2023-02-09,60000,766,Online
APP000204,CUST00251,2024-06-04,Platinum,Approved,2024-06-08,60000,737,In-Store
APP000205,CUST00126,2022-09-28,Gold,Approved,2022-10-10,75000,692,In-Store
APP000206,CUST00403,2021-08-16,Standard,Approved,2021-08-22,60000,709,Online
APP000207,CUST00976,2024-05-06,Platinum,Approved,2024-05-08,45000,808,Online
APP000208,CUST00869,2024-10-28,Standard,Declined,2024-11-07,45000,805,In-Store
APP000209,CUST00057,2021-11-09,World Elite,Approved,2021-11-17,150000,849,Mobile App
APP000210,CUST00737,2020-08-18,Platinum,Approved,2020-09-01,60000,650,Online
APP000211,CUST00572,2022-11-28,Standard,Approved,2022-12-11,110000,630,In-Store
APP000212,CUST00374,2022-03-24,Platinum,Approved,2022-03-25,90000,676,In-Store
APP000213,CUST00905,2020-04-01,Gold,Approved,2020-04-11,150000,818,In-Store
APP000214,CUST00519,2024-11-03,Standard,Declined,2024-11-07,110000,770,Online
APP000215,CUST00366,2021-01-13,Gold,Approved,2021-01-14,150000,600,In-Store
APP000216,CUST00285,2021-09-10,Gold,Approved,2021-09-12,150000,744,In-Store
APP000217,CUST00069,2021-12-11,Standard,Declined,2021-12-15,150000,627,In-Store
APP000218,CUST00153,2023-08-09,Platinum,Approved,2023-08-21,90000,758,Online
APP000219,CUST00095,2021-09-12,Standard,Approved,2021-09-26,110000,841,In-Store
APP000220,CUST00627,2024-08-13,Standard,Approved,2024-08-20,75000,622,In-Store
APP000221,CUST00608,2022-10-20,World Elite,Approved,2022-10-23,75000,604,Online
APP000222,CUST00750,2020-11-06,Standard,Approved,2020-11-20,110000,815,In-Store
APP000223,CUST00771,2023-09-14,Standard,Approved,2023-09-27,110000,625,In-Store
APP000224,CUST00392,2022-04-04,World Elite,Approved,2022-04-05,30000,596,In-Store
APP000225,CUST00741,2021-12-03,World Elite,Declined,2021-12-16,75000,707,In-Store
APP000226,CUST00638,2024-03-09,Standard,Declined,2024-03-19,45000,800,In-Store
APP000227,CUST00214,2023-01-03,Standard,Approved,2023-01-14,110000,734,Online
APP000228,CUST00107,2020-11-02,Standard,Declined,2020-11-04,30000,725,In-Store
APP000229,CUST00572,2023-10-30,Gold,Approved,2023-11-05,150000,584,Online
APP000230,CUST00335,2020-10-02,Standard,Approved,2020-10-05,30000,679,Online
APP000231,CUST00376,2021-12-17,Platinum,Declined,2021-12-19,150000,580,Online
APP000232,CUST00220,2024-01-05,Gold,Declined,2024-01-08,150000,834,Online
APP000233,CUST00795,2020-07-18,Gold,Approved,2020-07-21,60000,677,In-Store
APP000234,CUST00368,2023-01-30,Gold,Approved,2023-02-04,150000,646,In-Store
APP000235,CUST00028,2021-06-15,Platinum,Pending,2021-06-28,45000,593,In-Store
APP000236,CUST00494,2020-04-20,Gold,Declined,2020-04-23,75000,698,Online
APP000237,CUST00285,2020-05-03,Gold,Approved,2020-05-11,110000,623,In-Store
APP000238,CUST00883,2023-04-24,Standard,Approved,2023-04-27,150000,724,In-Store
APP000239,CUST00968,2020-08-07,Standard,Approved,2020-08-21,45000,583,In-Store
APP000240,CUST00728,2024-11-09,Standard,Approved,2024-11-11,30000,765,Mobile App
APP000241,CUST00416,2022-10-13,Platinum,Approved,2022-10-21,60000,796,Mobile App
APP000242,CUST00316,2023-06-29,Gold,Approved,2023-07-10,150000,758,In-Store
APP000243,CUST00436,2024-09-23,Standard,Approved,2024-10-01,150000,634,In-Store
APP000244,CUST00830,2021-05-29,Standard,Declined,2021-05-30,90000,610,Online
APP000245,CUST00817,2024-05-23,Standard,Declined,2024-05-24,150000,791,Online
APP000246,CUST00103,2022-07-09,Platinum,Approved,2022-07-11,75000,662,In-Store
APP000247,CUST00044,2023-01-19,Standard,Approved,2023-01-31,110000,767,In-Store
APP000248,CUST00152,2023-04-28,Platinum,Approved,2023-05-04,110000,611,In-Store
APP000249,CUST00201,2022-11-07,Gold,Approved,2022-11-11,30000,816,Online
APP000250,CUST00341,2020-06-12,Platinum,Pending,2020-06-17,60000,721,In-Store
APP000251,CUST00205,2024-06-28,Standard,Approved,2024-07-02,30000,588,Online
APP000252,CUST00187,2021-12-15,Gold,Declined,2021-12-21,75000,798,Online
APP000253,CUST00611,2021-06-03,Standard,Approved,2021-06-12,30000,750,In-Store
APP000254,CUST00688,2024-07-03,Standard,Pending,2024-07-10,45000,805,Mobile App
APP000255,CUST00859,2022-06-14,Gold,Declined,2022-06-17,30000,760,Online
APP000256,CUST00538,2021-05-07,Platinum,Declined,2021-05-15,30000,596,In-Store
APP000257,CUST00273,2022-04-05,Standard,Declined,2022-04-11,110000,592,Online
APP000258,CUST00815,2020-08-26,Gold,Approved,2020-09-06,75000,643,Mobile App
APP000259,CUST00039,2020-02-10,Standard,Declined,2020-02-14,90000,614,Online
APP000260,CUST00577,2024-03-30,Platinum,Declined,2024-04-11,60000,581,In-Store
APP000261,CUST00684,2023-12-20,Platinum,Approved,2023-12-21,60000,836,In-Store
APP000262,CUST00604,2021-09-01,Gold,Approved,2021-09-09,75000,850,Mobile App
APP000263,CUST00655,2021-04-03,Standard,Approved,2021-04-13,75000,641,Online
APP000264,CUST00392,2023-05-19,Standard,Declined,2023-05-26,75000,630,In-Store
APP000265,CUST00497,2021-08-10,Gold,Pending,2021-08-20,60000,707,In-Store
APP000266,CUST00179,2024-04-09,Standard,Approved,2024-04-21,110000,843,Online
APP000267,CUST00610,2021-08-15,World Elite,Declined,2021-08-25,75000,587,In-Store
APP000268,CUST00843,2021-06-24,Gold,Approved,2021-07-05,45000,593,In-Store
APP000269,CUST00053,2022-11-21,World Elite,Declined,2022-12-05,45000,634,In-Store
APP000270,CUST00057,2024-09-18,Platinum,Approved,2024-09-19,110000,712,In-Store
APP000271,CUST00954,2023-01-22,Platinum,Declined,2023-01-26,60000,842,Online
APP000272,CUST00907,2024-05-16,World Elite,Declined,2024-05-18,30000,807,Mobile App
APP000273,CUST00749,2024-09-08,Gold,Declined,2024-09-13,110000,840,In-Store
APP000274,CUST00841,2024-10-09,Gold,Approved,2024-10-16,60000,735,In-Store
APP000275,CUST00165,2024-04-01,World Elite,Approved,2024-04-07,90000,842,Online
APP000276,CUST00239,2023-03-15,World Elite,Pending,2023-03-21,75000,585,In-Store
APP000277,CUST00064,2024-07-20,Gold,Approved,2024-07-27,75000,743,In-Store
APP000278,CUST00096,2024-08-24,Platinum,Declined,2024-08-31,90000,623,In-Store
APP000279,CUST00413,2020-07-06,Platinum,Approved,2020-07-09,90000,835,Online
APP000280,CUST00605,2021-07-07,Gold,Declined,2021-07-14,90000,838,In-Store
APP000281,CUST00744,2024-03-20,World Elite,Approved,2024-03-31,150000,824,Online
APP000282,CUST00052,2021-07-01,Gold,Approved,2021-07-13,30000,712,Mobile App
APP000283,CUST00091,2024-06-06,Standard,Declined,2024-06-13,30000,833,Mobile App
APP000284,CUST00658,2021-05-23,Standard,Approved,2021-06-05,110000,694,In-Store
APP000285,CUST00387,2021-12-26,World Elite,Approved,2022-01-05,150000,783,In-Store
APP000286,CUST00656,2020-04-02,World Elite,Pending,2020-04-14,110000,724,Online
APP000287,CUST00386,2022-02-24,Platinum,Declined,2022-03-06,75000,593,In-Store
APP000288,CUST00524,2021-10-01,Gold,Approved,2021-10-04,90000,753,In-Store
APP000289,CUST00146,2020-11-23,Gold,Pending,2020-12-06,45000,788,In-Store
APP000290,CUST00560,2020-09-13,World Elite,Approved,2020-09-26,150000,693,In-Store
APP000291,CUST00410,2022-12-26,Standard,Declined,2022-12-27,75000,650,Mobile App
APP000292,CUST00405,2022-09-09,World Elite,Approved,2022-09-18,75000,614,In-Store
APP000293,CUST00639,2024-09-02,Standard,Approved,2024-09-06,150000,637,Online
APP000294,CUST00775,2024-01-24,Platinum,Approved,2024-02-03,110000,663,Mobile App
APP000295,CUST00895,2021-02-22,Standard,Approved,2021-02-26,75000,788,Mobile App
APP000296,CUST00350,2021-01-17,Standard,Pending,2021-01-22,60000,841,In-Store
APP000297,CUST00341,2024-05-15,Standard,Approved,2024-05-18,60000,722,Online
APP000298,CUST00508,2020-10-23,Gold,Approved,2020-10-30,60000,596,Mobile App
APP000299,CUST00714,2021-08-15,Platinum,Approved,2021-08-22,75000,612,In-Store
APP000300,CUST00759,2022-09-18,World Elite,Pending,2022-09-20,150000,844,In-Store
APP000301,CUST00265,2023-05-02,Platinum,Declined,2023-05-13,30000,581,Mobile App
APP000302,CUST00473,2024-09-02,Standard,Declined,2024-09-04,75000,718,In-Store
APP000303,CUST00869,2020-08-02,Platinum,Declined,2020-08-12,45000,781,Online
APP000304,CUST00970,2021-06-26,Gold,Declined,2021-07-05,90000,707,Online
APP000305,CUST00596,2022-03-21,Gold,Approved,2022-03-26,90000,775,Online
APP000306,CUST00706,2024-11-10,Standard,Approved,2024-11-15,60000,605,In-Store
APP000307,CUST00629,2020-10-03,Platinum,Declined,2020-10-04,150000,824,Mobile App
APP000308,CUST00253,2023-11-28,Platinum,Pending,2023-11-29,60000,638,In-Store
APP000309,CUST00081,2022-05-15,Standard,Approved,2022-05-29,90000,782,In-Store
APP000310,CUST00322,2021-05-24,Platinum,Declined,2021-05-27,30000,843,Online
APP000311,CUST00336,2022-02-01,Gold,Approved,2022-02-02,30000,592,Online
APP000312,CUST00667,2023-03-18,Standard,Approved,2023-03-27,90000,708,In-Store
APP000313,CUST00301,2022-02-09,Platinum,Pending,2022-02-14,150000,802,In-Store
APP000314,CUST00421,2020-04-12,Gold,Approved,2020-04-15,30000,739,In-Store
APP000315,CUST00886,2022-01-15,Gold,Declined,2022-01-24,30000,810,Online
APP000316,CUST00316,2024-04-21,Standard,Approved,2024-05-04,90000,594,In-Store
APP000317,CUST00249,2024-10-21,Standard,Approved,2024-10-28,75000,646,Mobile App
APP000318,CUST00189,2024-04-26,Platinum,Declined,2024-04-27,30000,783,Online
APP000319,CUST00619,2023-05-30,World Elite,Approved,2023-05-31,110000,797,In-Store
APP000320,CUST00192,2020-08-30,Standard,Approved,2020-09-12,150000,811,In-Store
APP000321,CUST00903,2022-09-06,Gold,Approved,2022-09-13,45000,741,Online
APP000322,CUST00400,2020-02-26,Standard,Approved,2020-03-09,30000,627,In-Store
APP000323,CUST00996,2024-10-10,World Elite,Declined,2024-10-19,150000,844,Online
APP000324,CUST00062,2020-01-13,World Elite,Approved,2020-01-14,30000,822,Online
APP000325,CUST00406,2022-09-12,World Elite,Declined,2022-09-15,45000,620,In-Store
APP000326,CUST00610,2022-01-03,Platinum,Declined,2022-01-04,150000,719,In-Store
APP000327,CUST00736,2022-04-16,Platinum,Approved,2022-04-27,150000,797,In-Store
APP000328,CUST00748,2020-08-15,Standard,Declined,2020-08-24,60000,697,Online
APP000329,CUST00906,2022-09-07,Gold,Approved,2022-09-19,90000,777,Mobile App
APP000330,CUST00546,2020-04-08,Gold,Declined,2020-04-22,110000,666,In-Store
APP000331,CUST00272,2022-11-18,Standard,Approved,2022-11-29,90000,699,In-Store
APP000332,CUST00900,2021-06-02,Platinum,Approved,2021-06-07,30000,596,Online
APP000333,CUST00440,2021-06-05,Gold,Approved,2021-06-16,75000,753,Online
APP000334,CUST00891,2021-02-07,Standard,Declined,2021-02-10,45000,658,Mobile App
APP000335,CUST00459,2021-08-07,Gold,Declined,2021-08-19,110000,831,Online
APP000336,CUST00636,2024-02-11,Standard,Approved,2024-02-19,150000,783,Online
APP000337,CUST00249,2023-09-22,Gold,Approved,2023-10-04,45000,830,In-Store
APP000338,CUST00197,2024-11-11,Gold,Approved,2024-11-22,45000,617,Mobile App
APP000339,CUST00363,2024-01-02,Gold,Approved,2024-01-15,150000,614,Online
APP000340,CUST00397,2021-05-20,Standard,Approved,2021-06-01,110000,679,In-Store
APP000341,CUST00624,2024-06-11,Standard,Pending,2024-06-20,90000,654,In-Store
APP000342,CUST00916,2021-04-14,Standard,Approved,2021-04-19,30000,598,Mobile App
APP000343,CUST00884,2023-12-04,Platinum,Declined,2023-12-13,30000,782,In-Store
APP000344,CUST00518,2021-08-09,Standard,Declined,2021-08-16,60000,668,In-Store
APP000345,CUST00261,2023-10-04,Standard,Pending,2023-10-11,30000,687,Online
APP000346,CUST00901,2022-01-10,Gold,Declined,2022-01-20,45000,810,Online
APP000347,CUST00566,2020-08-07,Platinum,Approved,2020-08-20,150000,744,In-Store
APP000348,CUST00611,2020-09-09,Gold,Approved,2020-09-18,90000,710,Mobile App
APP000349,CUST00753,2022-03-01,Gold,Declined,2022-03-08,90000,850,In-Store
APP000350,CUST00159,2024-04-14,Standard,Approved,2024-04-20,75000,648,Online
APP000351,CUST00108,2021-07-15,Platinum,Approved,2021-07-20,75000,699,In-Store
APP000352,CUST00092,2024-10-31,Gold,Declined,2024-11-12,75000,709,In-Store
APP000353,CUST00136,2021-02-21,Gold,Declined,2021-03-03,75000,663,In-Store
APP000354,CUST00244,2023-03-09,Standard,Declined,2023-03-11,110000,835,In-Store
APP000355,CUST00943,2024-07-31,Platinum,Approved,2024-08-04,45000,844,Mobile App
APP000356,CUST00947,2020-04-11,Gold,Declined,2020-04-15,45000,654,In-Store
APP000357,CUST00836,2020-08-27,Standard,Approved,2020-08-28,30000,612,Online
APP000358,CUST00396,2022-08-02,Standard,Declined,2022-08-03,90000,826,Online
APP000359,CUST00125,2020-01-23,Platinum,Declined,2020-01-27,60000,776,Online
APP000360,CUST00296,2020-05-06,Standard,Pending,2020-05-15,60000,743,Online
APP000361,CUST00657,2020-06-23,Platinum,Approved,2020-07-06,75000,721,In-Store
APP000362,CUST00770,2024-04-18,Gold,Pending,2024-04-22,60000,738,In-Store
APP000363,CUST00603,2021-10-09,Platinum,Declined,2021-10-10,30000,681,Online
APP000364,CUST00018,2022-07-25,Gold,Declined,2022-07-28,30000,769,Online
APP000365,CUST00286,2021-11-05,Gold,Pending,2021-11-13,150000,618,In-Store
APP000366,CUST00925,2023-11-12,Gold,Approved,2023-11-23,75000,796,In-Store
APP000367,CUST00076,2020-01-27,Gold,Declined,2020-02-02,60000,624,Online
APP000368,CUST00721,2024-09-17,World Elite,Pending,2024-09-22,30000,808,In-Store
APP000369,CUST00103,2022-03-27,World Elite,Declined,2022-04-06,60000,820,In-Store
APP000370,CUST00630,2020-01-31,Gold,Approved,2020-02-04,75000,794,In-Store
APP000371,CUST00302,2023-02-08,Gold,Approved,2023-02-18,90000,787,In-Store
APP000372,CUST00622,2022-07-29,Gold,Declined,2022-08-07,75000,846,Mobile App
APP000373,CUST00580,2020-08-30,World Elite,Declined,2020-09-10,110000,828,Online
APP000374,CUST00075,2022-01-15,Platinum,Approved,2022-01-22,45000,765,In-Store
APP000375,CUST00080,2023-03-12,Gold,Declined,2023-03-24,90000,701,In-Store
APP000376,CUST00966,2020-06-27,Platinum,Approved,2020-07-10,60000,812,Online
APP000377,CUST00647,2022-12-05,Platinum,Declined,2022-12-08,75000,587,In-Store
APP000378,CUST00081,2023-02-07,Platinum,Declined,2023-02-17,60000,651,Mobile App
APP000379,CUST00803,2022-08-02,Gold,Approved,2022-08-04,75000,829,In-Store
APP000380,CUST00724,2020-07-03,Standard,Approved,2020-07-08,75000,674,Online
APP000381,CUST00099,2023-01-14,Platinum,Approved,2023-01-23,45000,723,In-Store
APP000382,CUST00730,2023-04-27,Standard,Declined,2023-05-02,45000,663,In-Store
APP000383,CUST00966,2022-09-04,Gold,Approved,2022-09-12,30000,715,Online
APP000384,CUST00376,2021-06-29,Standard,Pending,2021-07-08,60000,730,In-Store
APP000385,CUST00854,2024-09-06,Gold,Approved,2024-09-15,45000,581,Online
APP000386,CUST00145,2020-09-15,Gold,Declined,2020-09-29,30000,589,Mobile App
APP000387,CUST00051,2020-05-09,Standard,Declined,2020-05-21,60000,789,In-Store
APP000388,CUST00055,2022-07-29,Platinum,Approved,2022-08-03,150000,820,Mobile App
APP000389,CUST00516,2020-11-29,Gold,Pending,2020-12-11,150000,723,In-Store
APP000390,CUST00092,2022-09-21,World Elite,Declined,2022-10-05,90000,673,In-Store
APP000391,CUST00269,2024-01-08,Standard,Declined,2024-01-15,30000,779,Mobile App
APP000392,CUST00556,2024-06-15,Standard,Declined,2024-06-17,30000,759,Mobile App
APP000393,CUST00657,2023-11-30,Standard,Approved,2023-12-02,90000,770,Mobile App
APP000394,CUST00626,2020-12-30,Platinum,Approved,2021-01-01,150000,624,In-Store
APP000395,CUST00438,2020-06-14,Standard,Declined,2020-06-20,45000,805,In-Store
APP000396,CUST00584,2020-10-05,Standard,Approved,2020-10-07,150000,800,Online
APP000397,CUST00697,2020-01-31,Gold,Approved,2020-02-12,150000,624,Mobile App
APP000398,CUST00588,2024-05-27,Platinum,Approved,2024-06-08,60000,696,Online
APP000399,CUST00145,2024-06-21,Gold,Declined,2024-07-01,90000,689,Mobile App
APP000400,CUST00423,2021-12-06,Standard,Approved,2021-12-14,150000,639,In-Store
APP000401,CUST00751,2020-06-29,Platinum,Pending,2020-07-08,45000,822,In-Store
APP000402,CUST00319,2024-07-18,Standard,Declined,2024-07-31,110000,616,In-Store
APP000403,CUST00341,2020-04-02,Platinum,Approved,2020-04-13,90000,786,In-Store
APP000404,CUST00188,2020-05-20,Standard,Declined,2020-06-02,150000,764,In-Store
APP000405,CUST00537,2024-04-13,Standard,Pending,2024-04-27,45000,795,In-Store
APP000406,CUST00416,2024-10-31,Gold,Approved,2024-11-01,110000,799,In-Store
APP000407,CUST00603,2023-01-27,Platinum,Approved,2023-02-01,60000,837,In-Store
APP000408,CUST00311,2020-12-28,Standard,Approved,2021-01-10,110000,732,In-Store
APP000409,CUST00142,2023-01-11,Standard,Approved,2023-01-19,150000,807,Mobile App
APP000410,CUST00722,2020-04-12,Gold,Approved,2020-04-18,60000,620,In-Store
APP000411,CUST00407,2020-11-22,Standard,Approved,2020-12-06,30000,597,In-Store
APP000412,CUST00342,2024-04-17,Standard,Approved,2024-04-28,110000,738,Online
APP000413,CUST00683,2023-05-13,Standard,Approved,2023-05-15,30000,816,Online
APP000414,CUST00964,2022-03-05,World Elite,Approved,2022-03-06,45000,748,Online
APP000415,CUST00722,2022-06-30,Standard,Approved,2022-07-12,45000,666,Online
APP000416,CUST00416,2024-01-08,World Elite,Approved,2024-01-14,150000,717,Online
APP000417,CUST00086,2023-10-29,Standard,Approved,2023-10-31,110000,649,In-Store
APP000418,CUST00923,2021-10-04,World Elite,Approved,2021-10-10,150000,610,In-Store
APP000419,CUST00881,2022-05-05,Platinum,Approved,2022-05-06,30000,743,In-Store
APP000420,CUST00220,2024-11-02,Standard,Declined,2024-11-08,150000,712,In-Store
APP000421,CUST00912,2023-06-18,Gold,Approved,2023-06-19,150000,832,In-Store
APP000422,CUST00454,2023-12-13,Standard,Approved,2023-12-23,90000,605,Mobile App
APP000423,CUST00726,2024-03-01,Gold,Declined,2024-03-02,45000,613,In-Store
APP000424,CUST00403,2021-08-12,Gold,Pending,2021-08-17,150000,586,In-Store
APP000425,CUST00919,2023-03-31,Standard,Approved,2023-04-03,30000,689,In-Store
APP000426,CUST00519,2023-06-06,Platinum,Declined,2023-06-08,30000,733,Online
APP000427,CUST00932,2020-07-11,World Elite,Pending,2020-07-17,90000,669,Mobile App
APP000428,CUST00368,2021-12-09,Standard,Approved,2021-12-15,110000,754,In-Store
APP000429,CUST00371,2022-03-05,Standard,Approved,2022-03-13,90000,586,Online
APP000430,CUST00408,2023-03-15,World Elite,Declined,2023-03-29,90000,610,In-Store
APP000431,CUST00397,2024-01-08,Standard,Approved,2024-01-21,110000,703,Mobile App
APP000432,CUST00513,2021-06-30,Standard,Declined,2021-07-04,110000,679,Online
APP000433,CUST00296,2021-09-20,World Elite,Declined,2021-09-26,150000,695,In-Store
APP000434,CUST00403,2022-10-02,Platinum,Declined,2022-10-16,45000,751,In-Store
APP000435,CUST00224,2020-11-25,Platinum,Approved,2020-11-27,75000,688,Mobile App
APP000436,CUST00321,2021-06-06,Gold,Approved,2021-06-11,30000,815,In-Store
APP000437,CUST00189,2023-04-07,Standard,Approved,2023-04-17,110000,656,In-Store
APP000438,CUST00227,2021-09-22,Standard,Approved,2021-09-23,110000,596,Online
APP000439,CUST00659,2022-05-13,Standard,Declined,2022-05-17,30000,791,In-Store
APP000440,CUST00249,2020-01-29,World Elite,Approved,2020-01-31,75000,781,In-Store
APP000441,CUST00814,2020-10-05,Standard,Declined,2020-10-16,60000,813,In-Store
APP000442,CUST00898,2023-02-26,World Elite,Declined,2023-03-06,60000,675,In-Store
APP000443,CUST00608,2024-02-18,Gold,Approved,2024-02-21,75000,603,In-Store
APP000444,CUST00864,2021-05-07,Platinum,Declined,2021-05-10,150000,584,Mobile App
APP000445,CUST00145,2022-07-26,Gold,Approved,2022-07-28,60000,816,Mobile App
APP000446,CUST00912,2020-02-20,Standard,Declined,2020-02-28,30000,626,Online
APP000447,CUST00863,2020-11-27,Platinum,Approved,2020-11-28,45000,676,In-Store
APP000448,CUST00981,2020-12-10,Platinum,Approved,2020-12-22,110000,667,In-Store
APP000449,CUST00929,2022-12-10,Gold,Declined,2022-12-18,110000,582,Online
APP000450,CUST00580,2020-07-12,Platinum,Declined,2020-07-21,75000,688,In-Store
APP000451,CUST00341,2023-01-31,Platinum,Approved,2023-02-06,90000,817,Online
APP000452,CUST00482,2020-12-08,Standard,Declined,2020-12-17,90000,602,Online
APP000453,CUST00769,2024-05-02,Standard,Approved,2024-05-11,150000,690,In-Store
APP000454,CUST00385,2023-05-31,Gold,Declined,2023-06-10,75000,668,Online
APP000455,CUST00283,2021-11-10,Standard,Pending,2021-11-11,110000,629,Mobile App
APP000456,CUST00142,2020-12-10,Gold,Declined,2020-12-11,30000,670,Online
APP000457,CUST00630,2021-08-26,Gold,Declined,2021-09-09,45000,649,Online
APP000458,CUST00160,2020-05-01,Standard,Approved,2020-05-09,60000,688,Online
APP000459,CUST00947,2024-03-14,Platinum,Pending,2024-03-16,75000,764,Online
APP000460,CUST00728,2021-02-05,Platinum,Approved,2021-02-17,110000,586,In-Store
APP000461,CUST00650,2021-03-01,Standard,Pending,2021-03-13,110000,656,In-Store
APP000462,CUST00135,2020-09-24,Gold,Approved,2020-10-08,45000,632,In-Store
APP000463,CUST00736,2021-02-01,Platinum,Approved,2021-02-04,90000,627,In-Store
APP000464,CUST00908,2020-04-06,Gold,Declined,2020-04-07,110000,609,In-Store
APP000465,CUST00813,2023-05-03,Platinum,Approved,2023-05-11,75000,762,In-Store
APP000466,CUST00599,2020-07-15,Standard,Declined,2020-07-28,30000,591,Online
APP000467,CUST00613,2020-07-02,Platinum,Declined,2020-07-13,110000,617,In-Store
APP000468,CUST00388,2024-11-06,Platinum,Approved,2024-11-09,90000,691,In-Store
APP000469,CUST00805,2020-02-29,Platinum,Approved,2020-03-12,90000,721,In-Store
APP000470,CUST00397,2022-03-13,Gold,Approved,2022-03-26,150000,683,Mobile App
APP000471,CUST00430,2022-09-24,Standard,Approved,2022-10-01,90000,768,Mobile App
APP000472,CUST00428,2024-09-19,Gold,Pending,2024-10-02,30000,776,In-Store
APP000473,CUST00404,2020-11-09,Gold,Approved,2020-11-16,60000,765,In-Store
APP000474,CUST00596,2021-08-10,Platinum,Approved,2021-08-15,110000,598,In-Store
APP000475,CUST00442,2022-03-12,Platinum,Pending,2022-03-22,150000,676,Online
APP000476,CUST00582,2022-05-03,Standard,Approved,2022-05-13,75000,665,In-Store
APP000477,CUST00133,2024-09-29,Standard,Approved,2024-10-13,30000,625,In-Store
APP000478,CUST00151,2021-06-07,Gold,Approved,2021-06-10,150000,755,Mobile App
APP000479,CUST00569,2023-11-25,Platinum,Approved,2023-11-27,110000,843,Mobile App
APP000480,CUST00652,2020-03-21,Gold,Approved,2020-03-31,110000,630,Online
APP000481,CUST00953,2022-04-14,Standard,Approved,2022-04-19,150000,623,Online
APP000482,CUST00585,2023-10-30,Standard,Approved,2023-11-08,60000,702,Mobile App
APP000483,CUST00738,2021-07-30,World Elite,Pending,2021-08-02,60000,609,In-Store
APP000484,CUST00242,2021-04-05,World Elite,Approved,2021-04-19,30000,703,In-Store
APP000485,CUST00724,2024-09-04,Platinum,Approved,2024-09-12,75000,594,In-Store
APP000486,CUST00737,2021-06-30,Gold,Approved,2021-07-12,75000,717,In-Store
APP000487,CUST00816,2022-07-17,Platinum,Declined,2022-07-29,150000,717,Online
APP000488,CUST00966,2023-07-25,Standard,Approved,2023-07-29,75000,769,Online
APP000489,CUST00878,2021-07-08,World Elite,Approved,2021-07-18,150000,837,In-Store
APP000490,CUST00827,2020-05-10,World Elite,Declined,2020-05-13,30000,670,In-Store
APP000491,CUST00379,2020-02-15,World Elite,Declined,2020-02-25,60000,736,In-Store
APP000492,CUST00835,2021-11-30,Gold,Approved,2021-12-03,60000,770,Online
APP000493,CUST00407,2021-09-10,Standard,Declined,2021-09-24,45000,586,In-Store
APP000494,CUST00283,2020-10-06,Platinum,Approved,2020-10-16,30000,716,In-Store
APP000495,CUST00126,2024-07-24,World Elite,Approved,2024-07-29,110000,680,In-Store
APP000496,CUST00919,2020-11-18,Platinum,Declined,2020-11-23,150000,742,Mobile App
APP000497,CUST00219,2024-01-11,Gold,Declined,2024-01-18,45000,814,In-Store
APP000498,CUST00985,2023-10-26,Standard,Declined,2023-11-06,110000,642,In-Store
APP000499,CUST00544,2024-08-10,Standard,Approved,2024-08-12,30000,768,Online
APP000500,CUST00458,2020-07-08,Gold,Pending,2020-07-14,45000,687,In-Store
APP000501,CUST00993,2023-09-09,Platinum,Approved,2023-09-16,90000,815,In-Store
APP000502,CUST00865,2023-10-25,Platinum,Approved,2023-10-26,30000,834,In-Store
APP000503,CUST00989,2020-12-01,World Elite,Pending,2020-12-12,30000,850,In-Store
APP000504,CUST00350,2024-11-27,Standard,Approved,2024-12-05,75000,811,In-Store
APP000505,CUST00441,2022-03-30,Gold,Approved,2022-04-03,75000,581,In-Store
APP000506,CUST00933,2020-05-06,Standard,Declined,2020-05-19,110000,762,Online
APP000507,CUST00834,2022-06-18,Standard,Declined,2022-06-24,60000,845,Online
APP000508,CUST00047,2020-03-15,Standard,Approved,2020-03-29,110000,671,Online
APP000509,CUST00068,2021-09-25,Gold,Approved,2021-10-09,45000,641,In-Store
APP000510,CUST00619,2021-09-08,Gold,Approved,2021-09-21,30000,691,Online
APP000511,CUST00542,2024-07-08,Standard,Declined,2024-07-11,30000,681,In-Store
APP000512,CUST00388,2023-06-28,Platinum,Approved,2023-07-07,150000,780,In-Store
APP000513,CUST00739,2020-02-24,Standard,Approved,2020-03-07,110000,828,Online
APP000514,CUST00353,2020-09-18,World Elite,Declined,2020-09-24,150000,689,Mobile App
APP000515,CUST00152,2020-12-12,Platinum,Approved,2020-12-26,75000,696,Online
APP000516,CUST00195,2022-12-05,Standard,Approved,2022-12-10,60000,822,Online
APP000517,CUST00849,2024-05-19,Platinum,Approved,2024-05-23,45000,696,In-Store
APP000518,CUST00090,2022-11-04,Standard,Approved,2022-11-11,30000,605,Online
APP000519,CUST00471,2020-04-03,Gold,Declined,2020-04-11,150000,641,Online
APP000520,CUST00827,2020-11-20,Standard,Declined,2020-11-21,30000,587,In-Store
APP000521,CUST00160,2022-03-22,Gold,Approved,2022-04-05,90000,693,Mobile App
APP000522,CUST00572,2023-10-20,World Elite,Approved,2023-11-01,30000,832,Online
APP000523,CUST00863,2023-07-14,Platinum,Declined,2023-07-19,90000,712,Online
APP000524,CUST00490,2021-02-14,Platinum,Approved,2021-02-17,45000,687,Mobile App
APP000525,CUST00988,2021-03-19,World Elite,Pending,2021-03-22,45000,840,In-Store
APP000526,CUST00109,2024-03-24,Standard,Declined,2024-03-27,60000,658,Online
APP000527,CUST00681,2023-11-04,Standard,Declined,2023-11-16,60000,787,In-Store
APP000528,CUST00188,2024-08-08,World Elite,Pending,2024-08-14,45000,770,Online
APP000529,CUST00922,2022-03-08,Platinum,Approved,2022-03-21,110000,825,Mobile App
APP000530,CUST00251,2020-05-16,Standard,Declined,2020-05-17,60000,783,Online
APP000531,CUST00504,2021-07-18,Standard,Approved,2021-07-26,110000,741,In-Store
APP000532,CUST00573,2021-09-16,Platinum,Declined,2021-09-22,45000,586,Mobile App
APP000533,CUST00074,2021-03-26,Standard,Declined,2021-04-06,30000,840,Online
APP000534,CUST00680,2022-03-28,Platinum,Approved,2022-04-05,110000,767,In-Store
APP000535,CUST00322,2024-02-05,Gold,Approved,2024-02-11,60000,708,Online
APP000536,CUST00819,2020-12-22,Platinum,Pending,2020-12-28,30000,799,Mobile App
APP000537,CUST00275,2020-05-27,Platinum,Approved,2020-06-07,60000,748,In-Store
APP000538,CUST00018,2023-03-12,Standard,Pending,2023-03-24,75000,688,Online
APP000539,CUST00462,2023-01-25,Platinum,Declined,2023-01-26,75000,580,Online
APP000540,CUST00019,2021-06-03,World Elite,Approved,2021-06-14,30000,616,Online
APP000541,CUST00668,2022-10-13,Platinum,Approved,2022-10-15,45000,737,In-Store
APP000542,CUST00207,2023-03-16,Platinum,Approved,2023-03-26,75000,816,In-Store
APP000543,CUST00663,2022-07-18,Gold,Approved,2022-07-27,75000,690,In-Store
APP000544,CUST00437,2022-10-01,Standard,Pending,2022-10-14,90000,674,In-Store
APP000545,CUST00668,2022-03-08,Standard,Approved,2022-03-14,110000,823,Online
APP000546,CUST00431,2021-12-22,Gold,Approved,2021-12-26,110000,738,In-Store
APP000547,CUST00618,2020-07-06,Gold,Declined,2020-07-11,45000,595,Mobile App
APP000548,CUST00689,2024-01-24,Gold,Approved,2024-01-27,45000,643,In-Store
APP000549,CUST00163,2020-09-04,Gold,Declined,2020-09-05,150000,758,In-Store
APP000550,CUST00388,2021-07-11,Gold,Pending,2021-07-19,150000,725,In-Store
APP000551,CUST00729,2020-04-12,Gold,Approved,2020-04-21,75000,782,In-Store
APP000552,CUST00558,2023-09-24,Gold,Approved,2023-09-29,90000,809,Online
APP000553,CUST00946,2021-09-25,Standard,Pending,2021-10-09,45000,777,Mobile App
APP000554,CUST00437,2023-11-15,Standard,Pending,2023-11-21,30000,591,In-Store
APP000555,CUST00362,2021-10-06,Gold,Approved,2021-10-07,90000,777,Mobile App
APP000556,CUST00579,2022-05-23,World Elite,Approved,2022-05-31,30000,636,Mobile App
APP000557,CUST00580,2023-08-24,Gold,Approved,2023-08-31,45000,744,In-Store
APP000558,CUST00712,2022-01-29,Platinum,Declined,2022-02-01,60000,759,In-Store
APP000559,CUST00542,2020-11-25,Platinum,Declined,2020-12-02,60000,700,Mobile App
APP000560,CUST00874,2021-10-05,World Elite,Approved,2021-10-15,150000,751,Online
APP000561,CUST00358,2021-07-30,Gold,Declined,2021-08-04,60000,714,Mobile App
APP000562,CUST00965,2021-08-21,Standard,Declined,2021-08-26,150000,617,Online
APP000563,CUST00313,2023-06-07,Gold,Approved,2023-06-17,90000,705,Online
APP000564,CUST00249,2024-09-03,Platinum,Approved,2024-09-08,90000,810,In-Store
APP000565,CUST00589,2021-07-06,Standard,Declined,2021-07-15,150000,667,In-Store
APP000566,CUST00049,2023-04-30,Gold,Approved,2023-05-10,110000,824,Online
APP000567,CUST00224,2023-03-24,Gold,Approved,2023-04-06,90000,718,In-Store
APP000568,CUST00162,2020-07-31,World Elite,Pending,2020-08-13,90000,808,In-Store
APP000569,CUST00708,2020-12-20,Gold,Approved,2020-12-21,75000,747,In-Store
APP000570,CUST00873,2022-11-28,Standard,Approved,2022-12-10,150000,791,In-Store
APP000571,CUST00484,2024-06-27,Platinum,Approved,2024-06-30,30000,705,In-Store
APP000572,CUST00310,2021-07-23,Platinum,Declined,2021-07-30,30000,655,Online
APP000573,CUST00229,2023-03-06,Standard,Approved,2023-03-18,150000,762,In-Store
APP000574,CUST00798,2020-08-23,Platinum,Approved,2020-08-29,150000,781,Mobile App
APP000575,CUST00542,2023-12-18,Standard,Declined,2023-12-28,60000,821,Mobile App
APP000576,CUST00569,2022-05-31,Standard,Pending,2022-06-10,90000,691,Mobile App
APP000577,CUST00268,2023-12-16,Standard,Approved,2023-12-21,110000,747,In-Store
APP000578,CUST00227,2020-06-22,World Elite,Approved,2020-07-01,60000,604,Mobile App
APP000579,CUST00304,2021-01-10,Gold,Approved,2021-01-21,110000,649,In-Store
APP000580,CUST00255,2021-02-03,Standard,Approved,2021-02-08,75000,686,Online
APP000581,CUST00020,2021-09-08,Gold,Approved,2021-09-18,75000,838,Online
APP000582,CUST00691,2024-06-28,Platinum,Declined,2024-07-07,150000,594,In-Store
APP000583,CUST00811,2023-08-26,Platinum,Approved,2023-08-29,90000,723,In-Store
APP000584,CUST00597,2020-04-12,Platinum,Approved,2020-04-14,110000,829,In-Store
APP000585,CUST00293,2020-05-11,Standard,Declined,2020-05-12,60000,686,Online
APP000586,CUST00060,2020-11-13,Platinum,Approved,2020-11-27,60000,604,In-Store
APP000587,CUST00835,2023-02-19,Standard,Approved,2023-02-26,60000,672,In-Store
APP000588,CUST00345,2024-02-03,World Elite,Declined,2024-02-06,45000,682,In-Store
APP000589,CUST00157,2023-07-01,Standard,Declined,2023-07-02,45000,749,In-Store
APP000590,CUST00111,2021-03-17,Standard,Approved,2021-03-18,45000,681,In-Store
APP000591,CUST00480,2022-06-22,Platinum,Approved,2022-07-03,75000,813,In-Store
APP000592,CUST00836,2020-01-22,Gold,Declined,2020-02-04,75000,757,Online
APP000593,CUST00323,2021-05-25,Standard,Declined,2021-05-30,110000,769,In-Store
APP000594,CUST00081,2020-12-20,Platinum,Declined,2020-12-29,150000,712,Online
APP000595,CUST00175,2021-04-26,Standard,Approved,2021-05-09,45000,603,In-Store
APP000596,CUST00304,2022-07-27,World Elite,Approved,2022-08-06,150000,588,In-Store
APP000597,CUST00735,2020-11-29,Platinum,Pending,2020-12-02,60000,606,Mobile App
APP000598,CUST00060,2022-06-18,Platinum,Approved,2022-07-02,60000,816,Online
APP000599,CUST00982,2020-07-27,Gold,Declined,2020-08-07,110000,833,In-Store
APP000600,CUST00267,2022-04-27,Platinum,Approved,2022-05-07,150000,673,Mobile App
APP000601,CUST00052,2022-03-02,Gold,Approved,2022-03-11,150000,805,In-Store
APP000602,CUST00694,2022-08-18,Standard,Approved,2022-09-01,30000,672,In-Store
APP000603,CUST00614,2020-03-23,Gold,Approved,2020-04-04,60000,777,In-Store
APP000604,CUST00547,2021-07-31,World Elite,Approved,2021-08-12,110000,655,Mobile App
APP000605,CUST00498,2021-05-25,Gold,Approved,2021-06-07,30000,675,In-Store
APP000606,CUST00087,2020-06-25,Standard,Pending,2020-07-03,90000,601,In-Store
APP000607,CUST00355,2023-11-10,Platinum,Approved,2023-11-22,90000,605,Online
APP000608,CUST00913,2020-05-31,Standard,Declined,2020-06-14,75000,729,Online
APP000609,CUST00818,2023-07-12,Gold,Pending,2023-07-18,30000,708,Online
APP000610,CUST00183,2023-05-10,Platinum,Approved,2023-05-23,30000,832,In-Store
APP000611,CUST00180,2020-10-18,World Elite,Pending,2020-10-30,60000,707,In-Store
APP000612,CUST00466,2021-01-07,Gold,Approved,2021-01-12,45000,653,In-Store
APP000613,CUST00181,2022-02-10,Platinum,Approved,2022-02-15,90000,775,Online
APP000614,CUST00197,2021-02-03,Standard,Approved,2021-02-12,150000,680,In-Store
APP000615,CUST00297,2021-08-25,Platinum,Approved,2021-09-08,30000,736,In-Store
APP000616,CUST00532,2022-10-19,Gold,Approved,2022-10-25,30000,718,In-Store
APP000617,CUST00824,2020-12-06,Gold,Approved,2020-12-17,75000,839,Online
APP000618,CUST00074,2023-06-07,Standard,Declined,2023-06-20,110000,809,In-Store
APP000619,CUST00639,2023-12-08,Gold,Declined,2023-12-19,110000,687,In-Store
APP000620,CUST00899,2023-05-09,Gold,Declined,2023-05-14,45000,811,Mobile App
APP000621,CUST00486,2021-10-15,Standard,Approved,2021-10-21,90000,658,In-Store
APP000622,CUST00083,2022-03-28,Standard,Approved,2022-04-10,90000,648,In-Store
APP000623,CUST00378,2023-03-18,Standard,Declined,2023-03-28,60000,639,In-Store
APP000624,CUST00947,2024-11-05,Platinum,Pending,2024-11-09,30000,657,Online
APP000625,CUST00324,2024-03-31,Gold,Approved,2024-04-04,75000,705,In-Store
APP000626,CUST00738,2024-07-21,Gold,Approved,2024-08-04,90000,731,Online
APP000627,CUST00977,2021-01-03,Gold,Approved,2021-01-09,110000,712,Online
APP000628,CUST00028,2023-08-16,Standard,Declined,2023-08-20,45000,634,In-Store
APP000629,CUST00552,2024-04-06,Standard,Pending,2024-04-16,90000,694,Online
APP000630,CUST00161,2020-05-11,Standard,Approved,2020-05-25,45000,628,Mobile App
APP000631,CUST00178,2024-05-20,Platinum,Approved,2024-05-29,110000,637,Online
APP000632,CUST00552,2020-11-10,Gold,Pending,2020-11-19,75000,785,In-Store
APP000633,CUST00009,2020-07-31,Standard,Approved,2020-08-06,60000,609,In-Store
APP000634,CUST00313,2024-03-16,Platinum,Approved,2024-03-17,30000,778,In-Store
APP000635,CUST00951,2022-10-26,Gold,Declined,2022-11-06,90000,825,In-Store
APP000636,CUST00322,2022-12-02,Platinum,Approved,2022-12-09,110000,785,In-Store
APP000637,CUST00892,2022-03-28,Platinum,Declined,2022-03-30,90000,802,Online
APP000638,CUST00223,2021-08-29,Standard,Declined,2021-09-01,110000,803,Online
APP000639,CUST00184,2020-06-02,Standard,Approved,2020-06-14,30000,603,In-Store
APP000640,CUST00627,2021-06-02,Platinum,Approved,2021-06-04,60000,828,Mobile App
APP000641,CUST00940,2023-03-09,Platinum,Approved,2023-03-11,30000,821,Mobile App
APP000642,CUST00458,2020-11-10,Gold,Declined,2020-11-20,90000,722,Online
APP000643,CUST00540,2020-07-16,Gold,Declined,2020-07-20,30000,590,In-Store
APP000644,CUST00897,2022-06-03,Standard,Approved,2022-06-15,110000,666,Online
APP000645,CUST00064,2020-01-12,Standard,Approved,2020-01-15,90000,752,In-Store
APP000646,CUST00406,2021-01-21,Standard,Pending,2021-02-01,30000,747,Online
APP000647,CUST00277,2021-05-15,Platinum,Declined,2021-05-24,110000,580,Mobile App
APP000648,CUST00567,2023-11-12,Gold,Approved,2023-11-25,90000,667,Online
APP000649,CUST00579,2024-04-20,Standard,Approved,2024-04-27,90000,801,In-Store
APP000650,CUST00469,2024-03-28,Standard,Approved,2024-04-01,45000,685,Mobile App
APP000651,CUST00514,2023-06-02,Platinum,Declined,2023-06-06,45000,827,In-Store
APP000652,CUST00765,2020-06-19,Gold,Declined,2020-06-30,90000,786,In-Store
APP000653,CUST00466,2020-08-02,Gold,Approved,2020-08-15,30000,580,Mobile App
APP000654,CUST00195,2020-11-13,Platinum,Approved,2020-11-17,45000,658,In-Store
APP000655,CUST00554,2024-10-05,World Elite,Declined,2024-10-11,45000,816,Online
APP000656,CUST00746,2024-10-19,Gold,Approved,2024-10-31,150000,590,In-Store
APP000657,CUST00918,2022-09-14,Standard,Approved,2022-09-15,75000,769,Online
APP000658,CUST00172,2020-01-13,World Elite,Declined,2020-01-22,30000,716,In-Store
APP000659,CUST00077,2023-06-26,Gold,Approved,2023-07-03,30000,815,Mobile App
APP000660,CUST00712,2020-08-14,Gold,Approved,2020-08-24,150000,706,In-Store
APP000661,CUST00307,2021-12-17,Standard,Declined,2021-12-28,30000,657,Online
APP000662,CUST00386,2022-01-24,Platinum,Declined,2022-02-02,75000,667,Online
APP000663,CUST00363,2023-03-23,Standard,Declined,2023-03-31,45000,737,Online
APP000664,CUST00608,2023-03-04,Standard,Declined,2023-03-10,45000,719,Online
APP000665,CUST00644,2023-07-27,Gold,Approved,2023-08-01,45000,591,In-Store
APP000666,CUST00643,2022-08-31,Gold,Approved,2022-09-07,90000,735,In-Store
APP000667,CUST00449,2023-03-21,Gold,Declined,2023-03-30,30000,814,In-Store
APP000668,CUST00697,2022-10-16,Gold,Approved,2022-10-26,150000,725,In-Store
APP000669,CUST00078,2022-11-08,Gold,Approved,2022-11-17,150000,734,In-Store
APP000670,CUST00474,2021-05-11,Gold,Approved,2021-05-22,60000,685,In-Store
APP000671,CUST00596,2023-01-03,Standard,Approved,2023-01-10,60000,594,In-Store
APP000672,CUST00324,2020-01-21,Standard,Approved,2020-02-01,90000,781,Mobile App
APP000673,CUST00335,2020-12-16,Platinum,Approved,2020-12-17,45000,784,In-Store
APP000674,CUST00470,2020-03-21,Standard,Approved,2020-03-31,30000,589,Online
APP000675,CUST00184,2021-07-08,Standard,Approved,2021-07-17,30000,693,In-Store
APP000676,CUST00899,2023-01-10,Standard,Declined,2023-01-21,150000,601,In-Store
APP000677,CUST00313,2023-09-27,Gold,Approved,2023-10-07,90000,822,In-Store
APP000678,CUST00876,2024-03-02,Gold,Pending,2024-03-09,150000,701,In-Store
APP000679,CUST00948,2022-07-04,World Elite,Declined,2022-07-05,30000,688,In-Store
APP000680,CUST00354,2024-01-14,Platinum,Approved,2024-01-16,90000,762,Online
APP000681,CUST00018,2022-01-02,Standard,Approved,2022-01-07,150000,678,Online
APP000682,CUST00555,2023-09-23,World Elite,Declined,2023-09-30,75000,606,In-Store
APP000683,CUST00492,2024-01-16,Platinum,Pending,2024-01-25,75000,662,In-Store
APP000684,CUST00659,2024-07-03,Standard,Approved,2024-07-16,45000,798,In-Store
APP000685,CUST00705,2020-09-08,Standard,Approved,2020-09-13,60000,709,In-Store
APP000686,CUST00610,2020-03-29,Standard,Approved,2020-04-04,75000,785,Online
APP000687,CUST00384,2020-12-03,Standard,Approved,2020-12-06,150000,644,In-Store
APP000688,CUST00933,2021-12-05,Gold,Declined,2021-12-13,45000,741,Mobile App
APP000689,CUST00787,2020-12-31,Platinum,Approved,2021-01-02,90000,584,In-Store
APP000690,CUST00221,2023-07-24,Standard,Approved,2023-08-06,30000,712,In-Store
APP000691,CUST00492,2022-03-07,Standard,Approved,2022-03-20,60000,770,Online
APP000692,CUST00616,2022-06-14,Standard,Approved,2022-06-28,150000,698,In-Store
APP000693,CUST00321,2020-01-13,Standard,Approved,2020-01-16,60000,750,Online
APP000694,CUST00224,2020-07-27,Platinum,Approved,2020-08-06,30000,581,Online
APP000695,CUST00404,2020-09-18,World Elite,Approved,2020-10-02,30000,821,In-Store
APP000696,CUST00798,2023-08-03,World Elite,Approved,2023-08-11,45000,797,Online
APP000697,CUST00549,2023-08-08,Standard,Declined,2023-08-14,90000,744,Online
APP000698,CUST00329,2023-02-08,Standard,Approved,2023-02-19,60000,667,Online
APP000699,CUST00355,2020-10-13,Standard,Approved,2020-10-20,30000,837,In-Store
APP000700,CUST00378,2023-06-13,Standard,Approved,2023-06-19,30000,850,Mobile App
APP000701,CUST00049,2022-01-13,Standard,Approved,2022-01-21,75000,737,In-Store
APP000702,CUST00236,2024-04-15,Standard,Approved,2024-04-28,45000,732,In-Store
APP000703,CUST00542,2024-02-07,Platinum,Declined,2024-02-09,150000,816,In-Store
APP000704,CUST00595,2021-09-06,World Elite,Declined,2021-09-14,45000,713,In-Store
APP000705,CUST00923,2023-05-20,Standard,Approved,2023-05-28,90000,595,In-Store
APP000706,CUST00128,2022-12-21,Standard,Approved,2023-01-03,30000,682,In-Store
APP000707,CUST00660,2022-12-03,World Elite,Pending,2022-12-10,30000,842,In-Store
APP000708,CUST00548,2020-12-24,Gold,Approved,2020-12-30,150000,669,In-Store
APP000709,CUST00487,2021-02-06,Platinum,Approved,2021-02-13,45000,741,Online
APP000710,CUST00321,2021-01-06,Platinum,Approved,2021-01-13,60000,688,Mobile App
APP000711,CUST00747,2021-04-08,Platinum,Approved,2021-04-17,30000,631,In-Store
APP000712,CUST00885,2020-08-07,Platinum,Approved,2020-08-11,60000,722,Mobile App
APP000713,CUST00509,2020-06-28,Gold,Approved,2020-07-05,45000,783,Online
APP000714,CUST00067,2021-09-27,Platinum,Approved,2021-09-30,90000,711,Mobile App
APP000715,CUST00645,2024-06-13,World Elite,Approved,2024-06-19,30000,594,Online
APP000716,CUST00115,2020-04-08,Gold,Declined,2020-04-16,45000,588,In-Store
APP000717,CUST00240,2024-09-01,Platinum,Declined,2024-09-04,30000,623,In-Store
APP000718,CUST00420,2023-09-20,World Elite,Declined,2023-09-23,110000,730,In-Store
APP000719,CUST00754,2022-11-19,Standard,Approved,2022-12-02,150000,814,Online
APP000720,CUST00449,2020-12-15,Platinum,Declined,2020-12-29,150000,831,In-Store
APP000721,CUST00728,2023-03-15,Gold,Approved,2023-03-24,110000,636,Online
APP000722,CUST00053,2021-01-01,Gold,Approved,2021-01-11,75000,617,Online
APP000723,CUST00307,2022-12-19,Gold,Declined,2023-01-02,75000,621,In-Store
APP000724,CUST00949,2021-11-03,Gold,Approved,2021-11-08,60000,630,Online
APP000725,CUST00814,2021-02-26,Platinum,Declined,2021-03-01,90000,780,Mobile App
APP000726,CUST00108,2020-06-18,Standard,Approved,2020-06-19,45000,850,In-Store
APP000727,CUST00771,2022-06-08,Standard,Declined,2022-06-10,90000,705,Online
APP000728,CUST00504,2024-09-04,Standard,Declined,2024-09-10,90000,585,Mobile App
APP000729,CUST00024,2024-02-20,Platinum,Declined,2024-03-05,150000,665,Online
APP000730,CUST00456,2022-08-16,Gold,Approved,2022-08-19,90000,797,Mobile App
APP000731,CUST00600,2021-03-01,Platinum,Approved,2021-03-03,110000,740,Online
APP000732,CUST00552,2024-03-17,Platinum,Approved,2024-03-29,30000,743,In-Store
APP000733,CUST00690,2022-03-19,Platinum,Approved,2022-03-21,90000,703,Online
APP000734,CUST00082,2020-01-22,Platinum,Approved,2020-01-25,150000,822,In-Store
APP000735,CUST00662,2024-11-08,Standard,Approved,2024-11-20,75000,601,Online
APP000736,CUST00707,2022-12-23,Gold,Approved,2022-12-25,150000,837,Online
APP000737,CUST00044,2021-08-03,Platinum,Approved,2021-08-08,45000,816,In-Store
APP000738,CUST00072,2021-12-03,Platinum,Declined,2021-12-12,75000,685,In-Store
APP000739,CUST00412,2020-10-13,Standard,Pending,2020-10-25,60000,840,Online
APP000740,CUST00411,2023-03-09,Gold,Approved,2023-03-22,90000,610,Online
APP000741,CUST00642,2021-11-14,World Elite,Declined,2021-11-27,150000,800,In-Store
APP000742,CUST00649,2021-08-20,Standard,Approved,2021-08-31,60000,777,Online
APP000743,CUST00246,2023-04-12,Standard,Approved,2023-04-18,150000,639,In-Store
APP000744,CUST00298,2021-05-19,Platinum,Approved,2021-05-20,110000,648,Online
APP000745,CUST00933,2021-05-06,Standard,Declined,2021-05-07,150000,661,In-Store
APP000746,CUST00432,2024-04-17,Gold,Declined,2024-04-23,45000,731,In-Store
APP000747,CUST00085,2022-02-12,Standard,Declined,2022-02-26,110000,791,In-Store
APP000748,CUST00915,2020-08-02,Platinum,Approved,2020-08-08,110000,684,In-Store
APP000749,CUST00894,2024-08-02,Standard,Approved,2024-08-16,60000,601,Mobile App
APP000750,CUST00987,2020-09-11,Platinum,Approved,2020-09-20,30000,649,In-Store
APP000751,CUST00220,2020-01-17,Gold,Approved,2020-01-21,75000,648,Mobile App
APP000752,CUST00522,2024-11-21,Gold,Approved,2024-12-02,60000,812,In-Store
APP000753,CUST00774,2023-03-31,Standard,Approved,2023-04-04,30000,790,Online
APP000754,CUST00046,2022-05-06,Standard,Declined,2022-05-19,150000,581,Online
APP000755,CUST00178,2022-11-01,Platinum,Approved,2022-11-11,90000,812,Online
APP000756,CUST00893,2021-10-17,Gold,Approved,2021-10-31,110000,701,Online
APP000757,CUST00786,2021-11-04,Platinum,Approved,2021-11-07,150000,831,In-Store
APP000758,CUST00273,2021-02-06,World Elite,Approved,2021-02-19,90000,641,Online
APP000759,CUST00776,2022-02-24,Platinum,Declined,2022-03-09,110000,597,In-Store
APP000760,CUST00970,2021-03-02,Platinum,Declined,2021-03-04,90000,832,In-Store
APP000761,CUST00482,2022-06-26,Gold,Declined,2022-07-05,45000,699,In-Store
APP000762,CUST00291,2024-04-07,Standard,Approved,2024-04-12,30000,699,Online
APP000763,CUST00620,2020-01-26,Standard,Approved,2020-02-01,45000,842,Online
APP000764,CUST00895,2022-05-08,Standard,Pending,2022-05-11,75000,648,In-Store
APP000765,CUST00807,2020-12-07,World Elite,Pending,2020-12-09,110000,667,Mobile App
APP000766,CUST00239,2020-06-23,Platinum,Approved,2020-06-29,75000,816,In-Store
APP000767,CUST00275,2024-04-01,Standard,Approved,2024-04-13,110000,833,Online
APP000768,CUST00859,2023-12-13,Gold,Approved,2023-12-16,60000,770,Mobile App
APP000769,CUST00246,2024-09-16,Standard,Approved,2024-09-26,75000,738,In-Store
APP000770,CUST00650,2020-10-22,Standard,Approved,2020-10-30,30000,823,In-Store
APP000771,CUST00400,2021-06-07,Gold,Declined,2021-06-11,45000,670,In-Store
APP000772,CUST00508,2024-09-20,Standard,Approved,2024-09-25,30000,715,Online
APP000773,CUST00711,2023-08-15,Standard,Declined,2023-08-17,30000,606,In-Store
APP000774,CUST00313,2022-02-22,Standard,Approved,2022-03-01,45000,605,In-Store
APP000775,CUST00153,2023-01-23,Platinum,Approved,2023-01-26,30000,657,Online
APP000776,CUST00033,2023-05-02,Platinum,Approved,2023-05-09,150000,792,Online
APP000777,CUST00072,2023-03-15,Gold,Approved,2023-03-24,90000,595,In-Store
APP000778,CUST00477,2022-09-01,Standard,Approved,2022-09-03,75000,704,In-Store
APP000779,CUST00979,2024-06-22,Standard,Declined,2024-07-05,75000,690,Online
APP000780,CUST00092,2021-01-23,Standard,Declined,2021-01-31,45000,662,In-Store
APP000781,CUST00210,2023-01-12,Gold,Approved,2023-01-24,90000,821,Mobile App
APP000782,CUST00671,2022-03-09,Standard,Declined,2022-03-10,150000,709,In-Store
APP000783,CUST00945,2023-12-24,Platinum,Approved,2024-01-06,30000,833,In-Store
APP000784,CUST00172,2023-01-25,World Elite,Declined,2023-02-02,150000,583,In-Store
APP000785,CUST00314,2021-05-16,World Elite,Declined,2021-05-19,150000,695,Online
APP000786,CUST00301,2024-10-20,World Elite,Declined,2024-10-23,60000,653,In-Store
APP000787,CUST00407,2020-02-01,Standard,Approved,2020-02-11,60000,622,In-Store
APP000788,CUST00751,2023-09-22,Gold,Declined,2023-09-27,110000,808,Online
APP000789,CUST00486,2021-01-04,Standard,Approved,2021-01-15,45000,795,Online
APP000790,CUST00362,2021-10-08,World Elite,Approved,2021-10-16,75000,620,Online
APP000791,CUST00618,2024-08-02,Gold,Approved,2024-08-13,45000,718,Mobile App
APP000792,CUST00848,2023-11-18,Gold,Approved,2023-11-20,75000,598,In-Store
APP000793,CUST00109,2023-03-23,Standard,Declined,2023-04-01,90000,626,In-Store
APP000794,CUST00441,2023-01-11,World Elite,Declined,2023-01-23,60000,791,In-Store
APP000795,CUST00570,2022-05-26,World Elite,Approved,2022-06-04,110000,795,In-Store
APP000796,CUST00475,2022-02-15,World Elite,Pending,2022-02-24,90000,717,In-Store
APP000797,CUST00266,2020-02-18,Standard,Approved,2020-03-03,110000,625,Mobile App
APP000798,CUST00113,2023-03-17,Standard,Approved,2023-03-31,90000,646,In-Store
APP000799,CUST00308,2020-03-30,Gold,Approved,2020-04-11,150000,850,Mobile App
APP000800,CUST00787,2021-02-16,World Elite,Approved,2021-02-27,45000,681,Online
APP000801,CUST00236,2021-07-24,Gold,Declined,2021-07-29,75000,600,In-Store
APP000802,CUST00121,2021-04-03,Gold,Declined,2021-04-09,60000,801,In-Store
APP000803,CUST00732,2024-10-18,Standard,Approved,2024-10-21,45000,831,Online
APP000804,CUST00761,2020-10-30,Gold,Pending,2020-11-05,30000,686,Online
APP000805,CUST00003,2020-05-04,Gold,Approved,2020-05-11,45000,729,Online
APP000806,CUST00413,2022-07-17,Standard,Approved,2022-07-18,30000,844,In-Store
APP000807,CUST00787,2024-05-12,Standard,Declined,2024-05-17,30000,787,Online
APP000808,CUST00024,2023-04-02,Platinum,Pending,2023-04-09,90000,657,Online
APP000809,CUST00143,2023-11-04,World Elite,Approved,2023-11-16,150000,815,Online
APP000810,CUST00633,2020-04-01,Gold,Approved,2020-04-13,60000,733,In-Store
APP000811,CUST00863,2020-06-17,Platinum,Pending,2020-06-26,75000,825,Mobile App
APP000812,CUST00398,2021-05-16,Standard,Approved,2021-05-26,150000,843,In-Store
APP000813,CUST00225,2021-05-25,Platinum,Declined,2021-06-06,150000,705,Mobile App
APP000814,CUST00085,2020-07-15,Standard,Declined,2020-07-17,110000,769,Online
APP000815,CUST00338,2022-10-23,Gold,Approved,2022-11-05,60000,656,Mobile App
APP000816,CUST00194,2023-07-26,Platinum,Approved,2023-07-27,30000,765,In-Store
APP000817,CUST00781,2021-05-04,Gold,Approved,2021-05-12,60000,772,Mobile App
APP000818,CUST00622,2023-05-08,Gold,Approved,2023-05-20,60000,787,In-Store
APP000819,CUST00152,2024-01-06,Standard,Approved,2024-01-09,60000,588,Online
APP000820,CUST00724,2024-04-25,Standard,Approved,2024-05-04,45000,650,Online
APP000821,CUST00526,2022-07-03,Platinum,Declined,2022-07-04,45000,780,In-Store
APP000822,CUST00544,2021-12-10,Standard,Declined,2021-12-15,110000,746,Mobile App
APP000823,CUST00479,2021-04-10,Gold,Approved,2021-04-14,75000,739,In-Store
APP000824,CUST00953,2021-03-31,Gold,Approved,2021-04-01,60000,624,In-Store
APP000825,CUST00097,2024-04-29,Standard,Declined,2024-05-11,60000,634,In-Store
APP000826,CUST00704,2022-05-07,Gold,Declined,2022-05-20,110000,747,In-Store
APP000827,CUST00019,2021-08-10,Platinum,Approved,2021-08-12,30000,611,In-Store
APP000828,CUST00178,2021-03-24,Gold,Approved,2021-03-25,30000,623,In-Store
APP000829,CUST00249,2022-12-05,Standard,Approved,2022-12-07,110000,669,In-Store
APP000830,CUST00926,2020-09-17,World Elite,Approved,2020-09-28,75000,615,In-Store
APP000831,CUST00129,2020-03-01,Standard,Declined,2020-03-10,110000,771,In-Store
APP000832,CUST00754,2022-05-29,Standard,Approved,2022-06-12,150000,712,In-Store
APP000833,CUST00743,2020-04-04,Standard,Pending,2020-04-07,45000,805,In-Store
APP000834,CUST00225,2024-10-11,Gold,Declined,2024-10-12,30000,625,In-Store
APP000835,CUST00008,2022-01-19,Platinum,Approved,2022-01-30,45000,738,In-Store
APP000836,CUST00153,2021-06-15,Gold,Approved,2021-06-22,30000,831,Mobile App
APP000837,CUST00548,2020-12-12,Standard,Approved,2020-12-14,110000,644,Online
APP000838,CUST00685,2021-01-10,World Elite,Approved,2021-01-19,75000,794,Online
APP000839,CUST00397,2021-12-20,Platinum,Declined,2021-12-23,150000,646,In-Store
APP000840,CUST00079,2023-06-26,Platinum,Declined,2023-07-03,150000,806,In-Store
APP000841,CUST00865,2021-07-06,Standard,Approved,2021-07-14,150000,621,Online
APP000842,CUST00593,2020-05-03,Gold,Approved,2020-05-04,75000,635,Online
APP000843,CUST00311,2022-10-22,World Elite,Approved,2022-10-25,45000,700,In-Store
APP000844,CUST00279,2024-07-20,Standard,Approved,2024-08-01,75000,773,In-Store
APP000845,CUST00971,2020-08-14,Standard,Approved,2020-08-25,75000,709,Online
APP000846,CUST00770,2021-12-30,Standard,Approved,2022-01-12,45000,588,Mobile App
APP000847,CUST00676,2023-11-16,Standard,Approved,2023-11-30,30000,643,In-Store
APP000848,CUST00728,2023-06-08,Standard,Approved,2023-06-17,30000,655,In-Store
APP000849,CUST00003,2024-10-21,Standard,Declined,2024-10-25,60000,727,In-Store
APP000850,CUST00885,2022-10-26,Platinum,Declined,2022-11-04,90000,721,Online
APP000851,CUST00430,2023-01-04,Gold,Approved,2023-01-09,150000,589,In-Store
APP000852,CUST00101,2024-07-30,Standard,Approved,2024-08-01,45000,769,In-Store
APP000853,CUST00673,2024-03-15,Platinum,Approved,2024-03-18,45000,595,In-Store
APP000854,CUST00412,2020-04-14,Platinum,Approved,2020-04-23,75000,582,Online
APP000855,CUST00246,2022-10-14,Platinum,Approved,2022-10-25,150000,838,In-Store
APP000856,CUST00060,2021-02-18,World Elite,Approved,2021-02-22,30000,808,Online
APP000857,CUST00607,2023-06-29,World Elite,Approved,2023-07-01,30000,721,In-Store
APP000858,CUST00014,2021-03-05,World Elite,Approved,2021-03-19,30000,703,In-Store
APP000859,CUST00707,2022-10-13,Gold,Approved,2022-10-21,150000,792,In-Store
APP000860,CUST00768,2020-08-02,Platinum,Pending,2020-08-05,150000,761,Online
APP000861,CUST00632,2024-03-18,Platinum,Pending,2024-03-23,30000,725,Online
APP000862,CUST00652,2022-08-13,Standard,Approved,2022-08-19,30000,641,In-Store
APP000863,CUST00982,2022-06-15,Standard,Approved,2022-06-18,110000,641,In-Store
APP000864,CUST00945,2020-12-06,Platinum,Approved,2020-12-20,75000,847,Online
APP000865,CUST00483,2020-10-08,Gold,Approved,2020-10-09,110000,696,In-Store
APP000866,CUST00969,2022-04-30,Standard,Approved,2022-05-12,90000,636,Online
APP000867,CUST00482,2024-09-05,Platinum,Approved,2024-09-16,90000,776,In-Store
APP000868,CUST00503,2024-05-05,Standard,Approved,2024-05-11,150000,696,In-Store
APP000869,CUST00900,2022-05-08,Standard,Approved,2022-05-09,45000,726,In-Store
APP000870,CUST00690,2024-01-20,Gold,Approved,2024-01-26,75000,836,In-Store
APP000871,CUST00174,2023-08-26,Platinum,Approved,2023-08-30,150000,649,In-Store
APP000872,CUST00405,2021-01-16,Platinum,Approved,2021-01-23,90000,599,Online
APP000873,CUST00394,2023-05-18,Gold,Approved,2023-05-24,150000,813,In-Store
APP000874,CUST00683,2022-08-24,Platinum,Approved,2022-09-04,110000,762,In-Store
APP000875,CUST00635,2023-11-14,Gold,Approved,2023-11-20,110000,652,In-Store
APP000876,CUST00057,2024-02-15,Gold,Approved,2024-02-20,150000,654,In-Store
APP000877,CUST00005,2022-09-10,Standard,Declined,2022-09-16,30000,847,Online
APP000878,CUST00915,2024-05-20,Platinum,Approved,2024-06-01,110000,637,Online
APP000879,CUST00887,2021-03-30,Standard,Declined,2021-04-13,60000,837,In-Store
APP000880,CUST00025,2020-01-21,Standard,Approved,2020-01-28,90000,618,Online
APP000881,CUST00324,2024-10-23,Standard,Approved,2024-10-29,30000,773,In-Store
APP000882,CUST00374,2024-04-12,Gold,Approved,2024-04-19,110000,728,In-Store
APP000883,CUST00814,2021-05-16,Platinum,Approved,2021-05-26,150000,748,In-Store
APP000884,CUST00564,2020-07-04,Standard,Approved,2020-07-18,30000,721,Mobile App
APP000885,CUST00431,2021-06-15,Standard,Approved,2021-06-24,150000,797,Mobile App
APP000886,CUST00126,2021-10-17,Gold,Approved,2021-10-23,110000,636,In-Store
APP000887,CUST00789,2020-06-05,World Elite,Declined,2020-06-11,150000,630,In-Store
APP000888,CUST00607,2022-02-01,Gold,Approved,2022-02-03,60000,765,In-Store
APP000889,CUST00386,2024-10-15,Standard,Pending,2024-10-26,150000,816,In-Store
APP000890,CUST00752,2022-02-24,Standard,Approved,2022-03-01,75000,769,Online
APP000891,CUST00433,2024-05-02,Standard,Approved,2024-05-08,30000,806,In-Store
APP000892,CUST00472,2021-02-20,Gold,Approved,2021-02-22,60000,776,Online
APP000893,CUST00773,2023-08-28,World Elite,Approved,2023-09-10,45000,826,Online
APP000894,CUST00063,2021-03-19,Standard,Approved,2021-03-23,90000,588,Online
APP000895,CUST00910,2022-06-24,Standard,Approved,2022-06-29,90000,746,Online
APP000896,CUST00688,2021-01-05,Standard,Approved,2021-01-08,60000,712,Online
APP000897,CUST00404,2023-11-04,World Elite,Approved,2023-11-12,45000,844,Online
APP000898,CUST00047,2022-07-07,Standard,Approved,2022-07-08,75000,773,Online
APP000899,CUST00148,2022-09-06,Platinum,Declined,2022-09-18,45000,753,In-Store
APP000900,CUST00562,2022-04-01,Platinum,Approved,2022-04-07,90000,644,In-Store
APP000901,CUST00542,2022-06-02,Platinum,Declined,2022-06-12,30000,788,Mobile App
APP000902,CUST00711,2020-03-02,Gold,Declined,2020-03-11,75000,699,In-Store
APP000903,CUST00711,2021-11-16,Platinum,Declined,2021-11-21,30000,757,Online
APP000904,CUST00704,2022-12-10,Gold,Declined,2022-12-13,75000,682,Online
APP000905,CUST00761,2020-06-20,Standard,Pending,2020-07-04,75000,799,Mobile App
APP000906,CUST00796,2020-01-19,Platinum,Approved,2020-01-31,60000,790,In-Store
APP000907,CUST00755,2022-08-28,Platinum,Declined,2022-09-05,110000,753,In-Store
APP000908,CUST00163,2022-06-12,Gold,Pending,2022-06-26,30000,703,Online
APP000909,CUST00540,2021-06-15,Standard,Approved,2021-06-19,150000,786,Online
APP000910,CUST00134,2022-07-21,Standard,Approved,2022-08-02,45000,669,Mobile App
APP000911,CUST00151,2022-09-14,Platinum,Approved,2022-09-28,75000,769,Online
APP000912,CUST00502,2022-05-22,World Elite,Declined,2022-05-24,75000,664,In-Store
APP000913,CUST00302,2020-11-18,Gold,Approved,2020-11-20,60000,717,Online
APP000914,CUST00414,2023-03-27,Standard,Declined,2023-03-30,30000,797,Mobile App
APP000915,CUST00009,2021-02-28,Platinum,Approved,2021-03-03,30000,672,Online
APP000916,CUST00985,2023-03-10,Standard,Approved,2023-03-15,45000,783,In-Store
APP000917,CUST00849,2020-06-07,Gold,Approved,2020-06-21,30000,810,In-Store
APP000918,CUST00909,2024-04-04,Standard,Approved,2024-04-06,75000,679,In-Store
APP000919,CUST00798,2020-03-21,Platinum,Pending,2020-03-22,60000,681,In-Store
APP000920,CUST00424,2024-09-06,Standard,Approved,2024-09-11,75000,694,Mobile App
APP000921,CUST00884,2024-07-13,Gold,Declined,2024-07-26,75000,801,Mobile App
APP000922,CUST00938,2023-02-11,Standard,Approved,2023-02-21,30000,783,Online
APP000923,CUST00333,2021-06-16,Platinum,Approved,2021-06-26,110000,746,In-Store
APP000924,CUST00619,2021-03-24,Standard,Approved,2021-04-01,110000,660,Mobile App
APP000925,CUST00506,2021-01-04,Standard,Declined,2021-01-14,30000,778,In-Store
APP000926,CUST00668,2020-04-07,Platinum,Approved,2020-04-21,75000,610,In-Store
APP000927,CUST00441,2024-01-11,Gold,Approved,2024-01-17,150000,667,In-Store
APP000928,CUST00171,2023-02-06,Gold,Approved,2023-02-10,90000,830,In-Store
APP000929,CUST00767,2023-07-07,Standard,Declined,2023-07-19,30000,838,Mobile App
APP000930,CUST00446,2021-09-09,Gold,Approved,2021-09-17,60000,791,Online
APP000931,CUST00023,2020-12-13,Standard,Approved,2020-12-25,30000,667,Online
APP000932,CUST00170,2021-01-16,World Elite,Approved,2021-01-29,150000,733,Mobile App
APP000933,CUST00244,2023-06-23,Standard,Approved,2023-07-03,30000,695,In-Store
APP000934,CUST00161,2021-12-14,Standard,Pending,2021-12-17,30000,665,In-Store
APP000935,CUST00069,2020-03-24,Gold,Approved,2020-04-04,150000,749,In-Store
APP000936,CUST00997,2020-05-01,Platinum,Approved,2020-05-05,60000,725,In-Store
APP000937,CUST00736,2023-10-30,Standard,Declined,2023-11-06,90000,838,Online
APP000938,CUST00828,2023-02-21,Platinum,Approved,2023-03-03,45000,705,In-Store
APP000939,CUST00167,2021-08-26,Gold,Approved,2021-08-29,90000,798,In-Store
APP000940,CUST00832,2023-01-05,Gold,Approved,2023-01-17,90000,698,In-Store
APP000941,CUST00852,2024-06-03,Standard,Approved,2024-06-06,90000,609,In-Store
APP000942,CUST00342,2024-03-18,Standard,Approved,2024-04-01,90000,648,Mobile App
APP000943,CUST00121,2020-10-19,Gold,Approved,2020-10-23,30000,826,In-Store
APP000944,CUST00603,2022-01-31,Standard,Approved,2022-02-01,75000,673,Online
APP000945,CUST00888,2021-07-03,Gold,Declined,2021-07-11,60000,630,Online
APP000946,CUST00186,2022-03-21,Platinum,Approved,2022-03-23,75000,770,In-Store
APP000947,CUST00411,2020-09-19,Platinum,Pending,2020-09-24,75000,743,In-Store
APP000948,CUST00874,2022-11-07,Gold,Approved,2022-11-14,30000,652,Online
APP000949,CUST00912,2023-06-25,Gold,Declined,2023-07-08,45000,593,In-Store
APP000950,CUST00608,2020-11-20,Platinum,Approved,2020-11-25,60000,650,In-Store
APP000951,CUST00196,2020-12-06,Standard,Approved,2020-12-18,45000,749,In-Store
APP000952,CUST00326,2020-07-11,Platinum,Approved,2020-07-14,30000,633,In-Store
APP000953,CUST00683,2024-09-19,Platinum,Approved,2024-09-27,90000,816,Online
APP000954,CUST00268,2022-08-12,Standard,Declined,2022-08-24,110000,708,Mobile App
APP000955,CUST00158,2020-07-10,Standard,Declined,2020-07-24,60000,744,Online
APP000956,CUST00553,2024-06-08,Standard,Approved,2024-06-09,60000,827,In-Store
APP000957,CUST00442,2022-10-06,Platinum,Approved,2022-10-10,45000,700,Online
APP000958,CUST00604,2023-04-22,Gold,Pending,2023-04-24,60000,609,In-Store
APP000959,CUST00479,2024-01-07,Standard,Approved,2024-01-14,60000,609,Mobile App
APP000960,CUST00342,2023-07-27,Platinum,Approved,2023-08-08,90000,678,Online
APP000961,CUST00555,2020-12-17,Standard,Pending,2020-12-24,110000,824,In-Store
APP000962,CUST00808,2020-12-18,Gold,Approved,2020-12-25,75000,644,Online
APP000963,CUST00798,2020-12-10,World Elite,Approved,2020-12-24,150000,743,Online
APP000964,CUST00083,2024-05-28,Standard,Approved,2024-05-31,45000,673,Mobile App
APP000965,CUST00009,2024-03-26,Standard,Approved,2024-04-07,150000,787,In-Store
APP000966,CUST00905,2021-09-06,Gold,Declined,2021-09-10,90000,708,Mobile App
APP000967,CUST00662,2020-01-27,World Elite,Approved,2020-02-09,45000,705,Mobile App
APP000968,CUST00090,2021-08-11,Standard,Declined,2021-08-12,150000,586,Online
APP000969,CUST00671,2022-05-05,Platinum,Approved,2022-05-13,30000,648,In-Store
APP000970,CUST00001,2021-06-21,Platinum,Declined,2021-07-05,150000,606,Mobile App
APP000971,CUST00370,2022-05-31,Standard,Approved,2022-06-14,60000,600,In-Store
APP000972,CUST00238,2023-06-12,Platinum,Approved,2023-06-14,90000,692,In-Store
APP000973,CUST00782,2021-02-15,Standard,Declined,2021-02-18,60000,817,In-Store
APP000974,CUST00973,2023-04-27,Platinum,Approved,2023-05-09,30000,794,Mobile App
APP000975,CUST00955,2022-12-19,Gold,Approved,2022-12-20,60000,784,In-Store
APP000976,CUST00114,2023-11-04,Platinum,Approved,2023-11-05,75000,803,Mobile App
APP000977,CUST00401,2021-07-30,Gold,Approved,2021-08-05,30000,587,Online
APP000978,CUST00234,2022-08-06,Standard,Approved,2022-08-08,75000,797,Online
APP000979,CUST00878,2021-04-01,Standard,Declined,2021-04-15,45000,790,In-Store
APP000980,CUST00659,2024-06-11,Standard,Declined,2024-06-13,75000,733,In-Store
APP000981,CUST00205,2024-01-05,Standard,Approved,2024-01-19,60000,639,Mobile App
APP000982,CUST00202,2022-07-30,Gold,Approved,2022-08-06,90000,765,In-Store
APP000983,CUST00431,2024-03-20,Platinum,Approved,2024-03-24,150000,708,Online
APP000984,CUST00185,2023-07-01,Platinum,Pending,2023-07-08,150000,615,In-Store
APP000985,CUST00879,2021-11-27,Gold,Approved,2021-11-28,30000,833,Online
APP000986,CUST00579,2021-01-21,Platinum,Approved,2021-01-22,45000,726,Online
APP000987,CUST00456,2021-09-22,Standard,Approved,2021-10-05,75000,666,In-Store
APP000988,CUST00354,2022-05-27,Platinum,Declined,2022-06-05,150000,779,Online
APP000989,CUST00460,2023-03-13,Standard,Approved,2023-03-19,150000,730,Online
APP000990,CUST00379,2024-03-06,Platinum,Approved,2024-03-09,75000,601,In-Store
APP000991,CUST00479,2020-12-20,Gold,Approved,2021-01-01,60000,612,Online
APP000992,CUST00981,2020-01-07,Standard,Approved,2020-01-21,60000,740,In-Store
APP000993,CUST00967,2021-07-02,Gold,Approved,2021-07-07,45000,744,Online
APP000994,CUST00618,2020-02-02,Standard,Declined,2020-02-15,45000,824,In-Store
APP000995,CUST00269,2023-10-08,Standard,Declined,2023-10-22,110000,790,Online
APP000996,CUST00301,2021-03-30,World Elite,Declined,2021-04-08,60000,721,In-Store
APP000997,CUST00053,2022-03-22,Standard,Declined,2022-04-04,75000,759,Mobile App
APP000998,CUST00263,2022-04-28,Standard,Declined,2022-05-05,150000,699,In-Store
APP000999,CUST00947,2024-07-15,Platinum,Pending,2024-07-21,110000,732,Mobile App
APP001000,CUST00090,2022-11-29,Gold,Approved,2022-12-09,90000,597,Mobile App
APP001001,CUST00153,2022-07-16,Platinum,Approved,2022-07-26,150000,636,In-Store
APP001002,CUST00530,2021-09-22,Platinum,Approved,2021-10-03,150000,777,In-Store
APP001003,CUST01000,2021-04-28,Platinum,Approved,2021-05-05,30000,752,Mobile App
APP001004,CUST00234,2023-12-16,Standard,Approved,2023-12-23,90000,840,In-Store
APP001005,CUST00028,2022-03-22,Gold,Declined,2022-03-26,30000,787,In-Store
APP001006,CUST00811,2020-09-03,Standard,Approved,2020-09-15,45000,795,In-Store
APP001007,CUST00879,2022-08-31,Gold,Pending,2022-09-13,30000,588,Online
APP001008,CUST00463,2022-11-06,Gold,Declined,2022-11-10,90000,748,Online
APP001009,CUST00828,2024-08-19,Gold,Approved,2024-08-23,90000,792,In-Store
APP001010,CUST00697,2024-07-23,Gold,Approved,2024-08-02,150000,837,Online
APP001011,CUST00410,2020-02-19,Standard,Declined,2020-03-01,60000,591,Online
APP001012,CUST00653,2021-09-11,Standard,Declined,2021-09-13,110000,813,In-Store
APP001013,CUST00664,2024-10-20,Platinum,Approved,2024-11-02,30000,785,Online
APP001014,CUST00454,2020-03-01,Standard,Declined,2020-03-15,30000,615,In-Store
APP001015,CUST00167,2023-03-29,Platinum,Declined,2023-03-30,75000,678,Mobile App
APP001016,CUST00595,2023-04-05,Platinum,Approved,2023-04-19,90000,621,Online
APP001017,CUST00581,2024-07-29,Standard,Declined,2024-07-31,90000,658,In-Store
APP001018,CUST00331,2024-04-24,Platinum,Approved,2024-05-02,30000,814,Online
APP001019,CUST00945,2020-01-13,Platinum,Approved,2020-01-18,90000,714,In-Store
APP001020,CUST00602,2021-08-20,Standard,Approved,2021-09-01,90000,700,Mobile App
APP001021,CUST00090,2023-10-13,World Elite,Declined,2023-10-18,110000,589,In-Store
APP001022,CUST00368,2024-05-06,World Elite,Approved,2024-05-14,30000,774,Online
APP001023,CUST00066,2023-06-17,Gold,Approved,2023-06-21,30000,768,In-Store
APP001024,CUST00622,2022-12-22,World Elite,Approved,2022-12-26,90000,842,Online
APP001025,CUST00285,2023-09-10,Platinum,Declined,2023-09-22,45000,618,In-Store
APP001026,CUST00552,2020-08-16,Gold,Declined,2020-08-17,75000,772,Mobile App
APP001027,CUST00278,2023-09-20,Standard,Approved,2023-10-01,90000,606,In-Store
APP001028,CUST00667,2024-10-08,Platinum,Approved,2024-10-20,110000,652,Mobile App
APP001029,CUST00670,2022-11-12,Standard,Approved,2022-11-20,150000,603,In-Store
APP001030,CUST00056,2023-05-11,Gold,Pending,2023-05-16,30000,808,Mobile App
APP001031,CUST00209,2020-03-04,Gold,Approved,2020-03-13,110000,613,In-Store
APP001032,CUST00412,2020-11-03,Gold,Declined,2020-11-10,90000,669,Online
APP001033,CUST00789,2021-08-29,Platinum,Approved,2021-09-04,150000,595,Online
APP001034,CUST00020,2022-07-26,Gold,Approved,2022-08-05,60000,674,Online
APP001035,CUST00479,2023-07-16,Standard,Approved,2023-07-25,30000,796,Mobile App
APP001036,CUST00702,2020-08-18,Platinum,Approved,2020-08-25,150000,636,In-Store
APP001037,CUST00484,2022-04-11,Standard,Approved,2022-04-12,90000,648,Online
APP001038,CUST00246,2023-07-03,Standard,Approved,2023-07-16,150000,669,Mobile App
APP001039,CUST00432,2021-02-02,Platinum,Declined,2021-02-07,60000,691,In-Store
APP001040,CUST00610,2022-02-20,Standard,Declined,2022-02-25,60000,847,Online
APP001041,CUST00897,2022-09-19,Standard,Declined,2022-09-20,110000,731,Online
APP001042,CUST00953,2023-09-09,Standard,Approved,2023-09-15,45000,788,Online
APP001043,CUST00600,2020-07-03,Standard,Pending,2020-07-07,75000,766,In-Store
APP001044,CUST00188,2023-02-03,Gold,Pending,2023-02-10,150000,610,In-Store
APP001045,CUST00386,2023-08-22,Standard,Declined,2023-09-04,60000,704,In-Store
APP001046,CUST00137,2024-09-25,Platinum,Declined,2024-09-26,60000,761,In-Store
APP001047,CUST00783,2022-05-20,Platinum,Approved,2022-06-01,90000,805,Online
APP001048,CUST00798,2021-07-24,World Elite,Declined,2021-08-07,75000,719,Online
APP001049,CUST00921,2022-11-10,Standard,Declined,2022-11-24,110000,811,Mobile App
APP001050,CUST00255,2022-11-26,World Elite,Approved,2022-12-03,75000,657,Mobile App
APP001051,CUST00984,2020-09-17,Standard,Approved,2020-09-24,150000,817,Online
APP001052,CUST00640,2022-12-19,Gold,Approved,2022-12-22,60000,738,Online
APP001053,CUST00497,2024-10-17,World Elite,Pending,2024-10-20,110000,605,Mobile App
APP001054,CUST00191,2023-05-23,Standard,Declined,2023-05-30,90000,645,In-Store
APP001055,CUST00427,2022-03-26,Gold,Approved,2022-04-05,90000,788,In-Store
APP001056,CUST00914,2021-12-07,World Elite,Approved,2021-12-17,110000,659,Online
APP001057,CUST00755,2023-05-20,Platinum,Declined,2023-05-24,45000,744,Online
APP001058,CUST00753,2022-09-04,Gold,Pending,2022-09-13,75000,833,In-Store
APP001059,CUST00192,2022-02-01,Gold,Declined,2022-02-06,30000,706,In-Store
APP001060,CUST00177,2020-04-10,Platinum,Approved,2020-04-15,90000,706,In-Store
APP001061,CUST00205,2023-05-20,Standard,Approved,2023-06-02,90000,623,In-Store
APP001062,CUST00130,2022-04-04,Standard,Approved,2022-04-06,60000,732,In-Store
APP001063,CUST00675,2023-12-01,Gold,Approved,2023-12-15,90000,614,Mobile App
APP001064,CUST00313,2024-02-26,Standard,Approved,2024-02-27,150000,725,Online
APP001065,CUST00578,2020-05-24,Standard,Approved,2020-05-28,90000,833,In-Store
APP001066,CUST00923,2023-07-25,Gold,Approved,2023-07-26,90000,802,Online
APP001067,CUST00853,2023-10-06,Standard,Approved,2023-10-19,110000,649,In-Store
APP001068,CUST00012,2021-11-05,Platinum,Declined,2021-11-08,30000,845,In-Store
APP001069,CUST00345,2024-08-30,Gold,Approved,2024-09-07,75000,799,Online
APP001070,CUST00820,2020-07-28,Standard,Approved,2020-08-07,75000,644,Mobile App
APP001071,CUST00583,2024-08-21,World Elite,Declined,2024-09-04,30000,769,In-Store
APP001072,CUST00135,2020-01-09,Platinum,Approved,2020-01-13,110000,581,In-Store
APP001073,CUST00419,2022-04-17,Gold,Approved,2022-04-27,60000,825,In-Store
APP001074,CUST00783,2023-08-27,Gold,Pending,2023-09-09,60000,583,In-Store
APP001075,CUST00815,2021-09-21,Standard,Declined,2021-09-24,60000,695,Mobile App
APP001076,CUST00673,2021-02-01,Gold,Declined,2021-02-15,75000,629,In-Store
APP001077,CUST00509,2022-09-30,Gold,Approved,2022-10-02,75000,759,In-Store
APP001078,CUST00430,2020-06-25,Platinum,Declined,2020-06-28,30000,655,Online
APP001079,CUST00854,2023-06-27,Gold,Declined,2023-07-09,30000,681,In-Store
APP001080,CUST00199,2021-03-06,Standard,Approved,2021-03-18,45000,730,Mobile App
APP001081,CUST00318,2021-07-17,Standard,Declined,2021-07-27,30000,718,In-Store
APP001082,CUST00027,2022-06-28,Gold,Declined,2022-07-12,45000,695,In-Store
APP001083,CUST00068,2020-01-11,Gold,Approved,2020-01-17,30000,616,Online
APP001084,CUST00645,2020-03-10,Platinum,Pending,2020-03-24,150000,762,In-Store
APP001085,CUST00712,2021-05-04,Standard,Pending,2021-05-13,90000,757,In-Store
APP001086,CUST00361,2022-02-24,Standard,Approved,2022-03-06,150000,617,Online
APP001087,CUST00363,2022-11-08,Standard,Approved,2022-11-20,30000,628,In-Store
APP001088,CUST00856,2022-07-14,Platinum,Approved,2022-07-24,75000,767,In-Store
APP001089,CUST00683,2020-08-27,Standard,Declined,2020-09-04,150000,822,In-Store
APP001090,CUST00292,2020-01-24,Platinum,Approved,2020-02-06,30000,739,In-Store
APP001091,CUST00320,2020-08-28,World Elite,Approved,2020-09-10,45000,656,In-Store
APP001092,CUST00824,2023-01-10,Standard,Approved,2023-01-17,75000,662,Online
APP001093,CUST00757,2024-02-06,Gold,Approved,2024-02-20,90000,784,Online
APP001094,CUST00286,2023-07-10,Platinum,Pending,2023-07-21,75000,586,In-Store
APP001095,CUST00330,2020-11-18,Standard,Approved,2020-11-25,60000,803,Online
APP001096,CUST00212,2024-11-10,Standard,Approved,2024-11-22,75000,647,In-Store
APP001097,CUST00955,2021-01-23,Gold,Declined,2021-01-28,150000,590,In-Store
APP001098,CUST00520,2020-04-19,Platinum,Approved,2020-04-27,30000,838,Online
APP001099,CUST00620,2023-02-17,World Elite,Approved,2023-02-27,45000,601,Mobile App
APP001100,CUST00733,2020-08-28,Gold,Declined,2020-09-06,150000,724,Mobile App
APP001101,CUST00081,2020-07-07,Platinum,Approved,2020-07-10,150000,779,In-Store
APP001102,CUST00099,2021-11-17,Gold,Approved,2021-11-26,30000,755,In-Store
APP001103,CUST00409,2021-05-08,Standard,Approved,2021-05-18,110000,786,In-Store
APP001104,CUST00466,2024-06-23,World Elite,Declined,2024-06-26,30000,740,In-Store
APP001105,CUST00927,2022-08-21,Gold,Declined,2022-08-26,60000,722,In-Store
APP001106,CUST00744,2023-11-30,Standard,Pending,2023-12-09,110000,650,Mobile App
APP001107,CUST00917,2021-02-06,Platinum,Approved,2021-02-11,75000,617,Online
APP001108,CUST00587,2021-11-25,Gold,Approved,2021-12-02,150000,828,Online
APP001109,CUST00418,2020-09-27,Standard,Pending,2020-10-03,110000,772,Mobile App
APP001110,CUST00373,2021-04-20,Standard,Pending,2021-04-27,30000,734,In-Store
APP001111,CUST00383,2022-09-22,World Elite,Declined,2022-09-23,45000,778,In-Store
APP001112,CUST00050,2021-11-08,Standard,Declined,2021-11-12,30000,782,In-Store
APP001113,CUST00445,2024-08-25,Standard,Approved,2024-09-06,90000,624,Online
APP001114,CUST00440,2021-06-28,Gold,Approved,2021-07-08,30000,585,Mobile App
APP001115,CUST00601,2020-03-30,World Elite,Approved,2020-03-31,150000,701,Online
APP001116,CUST00147,2022-01-17,Gold,Approved,2022-01-23,45000,682,Online
APP001117,CUST00472,2024-03-30,Gold,Approved,2024-04-09,60000,698,Mobile App
APP001118,CUST00589,2023-08-22,World Elite,Approved,2023-08-23,30000,800,In-Store
APP001119,CUST00884,2022-08-07,Platinum,Approved,2022-08-15,60000,744,In-Store
APP001120,CUST00280,2023-07-14,Standard,Declined,2023-07-20,60000,724,Online
APP001121,CUST00948,2021-11-05,Standard,Approved,2021-11-14,30000,641,Online
APP001122,CUST00610,2022-03-08,Gold,Approved,2022-03-12,60000,724,Online
APP001123,CUST00408,2022-04-11,Standard,Approved,2022-04-24,110000,769,In-Store
APP001124,CUST00506,2023-06-16,Standard,Declined,2023-06-23,75000,586,In-Store
APP001125,CUST00832,2022-04-16,Gold,Approved,2022-04-19,60000,796,In-Store
APP001126,CUST00011,2021-08-29,Gold,Declined,2021-09-11,75000,787,In-Store
APP001127,CUST00202,2021-12-24,Standard,Approved,2022-01-02,60000,593,In-Store
APP001128,CUST00978,2021-02-11,Standard,Approved,2021-02-15,110000,626,In-Store
APP001129,CUST00829,2020-07-11,Standard,Approved,2020-07-20,75000,611,In-Store
APP001130,CUST00184,2021-06-07,Standard,Approved,2021-06-17,60000,737,In-Store
APP001131,CUST00272,2020-04-25,World Elite,Approved,2020-05-07,110000,767,In-Store
APP001132,CUST00697,2024-07-20,World Elite,Approved,2024-07-28,90000,607,In-Store
APP001133,CUST00472,2020-09-09,Platinum,Approved,2020-09-22,110000,848,Online
APP001134,CUST00545,2022-03-25,Platinum,Declined,2022-03-30,150000,787,Online
APP001135,CUST00440,2021-11-07,Standard,Approved,2021-11-11,45000,745,Online
APP001136,CUST00507,2021-06-24,Gold,Declined,2021-07-01,90000,583,In-Store
APP001137,CUST00480,2020-04-10,World Elite,Approved,2020-04-22,110000,824,Online
APP001138,CUST00821,2024-02-06,Standard,Approved,2024-02-20,30000,631,Online
APP001139,CUST00168,2020-02-22,Gold,Declined,2020-02-26,45000,677,Mobile App
APP001140,CUST00148,2023-11-14,Platinum,Approved,2023-11-18,150000,648,In-Store
APP001141,CUST00882,2022-04-09,Standard,Approved,2022-04-23,90000,648,In-Store
APP001142,CUST00782,2020-12-01,World Elite,Declined,2020-12-09,75000,675,In-Store
APP001143,CUST00450,2022-08-27,Gold,Declined,2022-09-08,45000,694,Online
APP001144,CUST00889,2021-11-23,Standard,Declined,2021-11-27,110000,673,In-Store
APP001145,CUST00097,2021-05-29,Standard,Declined,2021-06-05,90000,676,In-Store
APP001146,CUST00818,2020-12-24,Standard,Declined,2020-12-28,60000,833,Online
APP001147,CUST00620,2023-04-25,Platinum,Approved,2023-04-26,150000,827,In-Store
APP001148,CUST00329,2024-10-31,Platinum,Approved,2024-11-12,60000,644,Mobile App
APP001149,CUST00059,2022-06-25,Gold,Approved,2022-07-05,90000,615,In-Store
APP001150,CUST00983,2021-03-28,Standard,Approved,2021-04-11,75000,725,Mobile App
APP001151,CUST00219,2023-10-11,Platinum,Approved,2023-10-18,110000,657,Mobile App
APP001152,CUST00505,2022-07-09,Standard,Declined,2022-07-11,75000,839,Online
APP001153,CUST00035,2022-03-26,Standard,Approved,2022-04-03,30000,806,In-Store
APP001154,CUST00572,2022-01-10,Gold,Approved,2022-01-11,60000,740,In-Store
APP001155,CUST00516,2024-06-18,Gold,Approved,2024-06-20,110000,599,Online
APP001156,CUST00811,2023-12-21,Standard,Approved,2023-12-29,60000,589,Online
APP001157,CUST00890,2022-06-08,Platinum,Approved,2022-06-17,45000,799,In-Store
APP001158,CUST00142,2022-01-30,Standard,Declined,2022-02-06,150000,661,In-Store
APP001159,CUST00041,2021-05-16,Standard,Approved,2021-05-25,110000,762,Online
APP001160,CUST00813,2024-07-16,Platinum,Declined,2024-07-29,60000,790,Online
APP001161,CUST00290,2023-03-20,Standard,Approved,2023-03-28,110000,686,In-Store
APP001162,CUST00948,2021-03-21,Platinum,Pending,2021-03-31,110000,828,Online
APP001163,CUST00859,2023-01-14,Platinum,Approved,2023-01-24,150000,619,In-Store
APP001164,CUST00936,2023-12-17,Standard,Approved,2023-12-29,90000,741,Online
APP001165,CUST00015,2024-11-10,Platinum,Approved,2024-11-21,45000,653,Online
APP001166,CUST00794,2024-11-21,Standard,Declined,2024-11-24,110000,693,Mobile App
APP001167,CUST00264,2022-02-19,Standard,Approved,2022-03-03,90000,618,Online
APP001168,CUST00933,2020-08-01,Standard,Approved,2020-08-07,45000,708,In-Store
APP001169,CUST00717,2020-05-29,Gold,Approved,2020-06-10,110000,663,In-Store
APP001170,CUST00198,2024-07-30,Gold,Approved,2024-08-04,75000,733,In-Store
APP001171,CUST00911,2023-07-28,Gold,Approved,2023-08-05,110000,838,Online
APP001172,CUST00066,2024-10-01,Gold,Declined,2024-10-04,45000,684,In-Store
APP001173,CUST00659,2023-01-23,Standard,Declined,2023-02-03,90000,728,In-Store
APP001174,CUST00535,2020-04-11,Standard,Approved,2020-04-23,45000,710,Online
APP001175,CUST00379,2022-03-31,Platinum,Approved,2022-04-10,90000,718,In-Store
APP001176,CUST00772,2023-10-23,Gold,Approved,2023-10-31,90000,717,Online
APP001177,CUST00816,2022-03-03,Platinum,Approved,2022-03-07,30000,807,In-Store
APP001178,CUST00405,2024-07-04,Platinum,Approved,2024-07-05,90000,652,In-Store
APP001179,CUST00394,2022-03-31,Standard,Approved,2022-04-06,60000,743,Online
APP001180,CUST00701,2022-11-03,Standard,Declined,2022-11-11,110000,847,Mobile App
APP001181,CUST00331,2021-11-02,Gold,Declined,2021-11-10,60000,631,Mobile App
APP001182,CUST00177,2021-06-05,Standard,Approved,2021-06-06,30000,777,In-Store
APP001183,CUST00346,2022-12-03,Gold,Approved,2022-12-12,150000,647,In-Store
APP001184,CUST00059,2022-01-01,Gold,Approved,2022-01-06,60000,634,In-Store
APP001185,CUST00914,2021-06-09,Standard,Pending,2021-06-22,90000,821,Mobile App
APP001186,CUST00006,2020-10-21,Platinum,Approved,2020-10-25,90000,788,Mobile App
APP001187,CUST00437,2020-02-04,Standard,Declined,2020-02-10,150000,820,Mobile App
APP001188,CUST00748,2020-05-10,World Elite,Approved,2020-05-17,45000,603,Mobile App
APP001189,CUST00306,2024-07-16,Standard,Declined,2024-07-20,90000,790,In-Store
APP001190,CUST00047,2024-06-20,Platinum,Approved,2024-06-29,90000,694,In-Store
APP001191,CUST00624,2024-05-10,Platinum,Declined,2024-05-14,60000,586,Online
APP001192,CUST00444,2023-07-30,Gold,Approved,2023-08-09,75000,829,In-Store
APP001193,CUST00280,2021-11-20,Gold,Pending,2021-11-22,45000,765,In-Store
APP001194,CUST00277,2022-12-14,Standard,Approved,2022-12-15,75000,684,In-Store
APP001195,CUST00789,2022-02-12,Gold,Approved,2022-02-21,30000,744,In-Store
APP001196,CUST00655,2021-04-01,Platinum,Approved,2021-04-07,90000,603,In-Store
APP001197,CUST00443,2020-01-03,Gold,Approved,2020-01-08,45000,602,Online
APP001198,CUST00993,2020-07-03,Gold,Approved,2020-07-16,45000,750,In-Store
APP001199,CUST00626,2024-09-19,Gold,Declined,2024-10-03,60000,658,In-Store
APP001200,CUST00099,2023-02-28,Platinum,Approved,2023-03-08,60000,803,In-Store
